,Unnamed: 0,RA,DEC,FREQ_GHZ,X,Y,SNR,FLUX_MAX,BINNING,GROUP,F,F_kw,ID,source,window
0,0,52.96337,-27.75171,90.8383,560.0,938.7,5.55,0.00616,15,0,0.004,0.625,1,aless101,spw1719
5,5,52.96037,-27.76699,90.2288,646.8,438.7,5.21,0.006293,17,5,0.0,0.647,6,aless101,spw1719
22,22,52.95662,-27.75406,92.2603,755.3,861.9,4.9,0.004442,11,22,0.0,0.689,23,aless101,spw1719
25,25,52.96545,-27.76449,91.8853,499.5,520.3,4.88,0.004261,11,25,0.0,0.677,26,aless101,spw1719
42,42,52.97289,-27.76075,91.104,284.1,642.9,4.77,0.004049,11,42,0.0,0.607,43,aless101,spw1719
8529,8529,52.965,-27.76472,103.1324,512.6,513.0,11.14,0.013699,19,0,1.0,1.0,1,aless101,spw2123
8530,8530,52.96497,-27.76474,103.0231,513.6,512.1,9.44,0.008251,19,1,1.0,1.0,2,aless101,spw2123
8531,8531,52.96503,-27.76471,103.2418,511.9,513.3,8.71,0.011989,19,2,1.0,1.0,3,aless101,spw2123
8532,8532,52.95687,-27.77097,101.4135,748.1,308.4,5.61,0.006987,17,3,0.023,0.848,4,aless101,spw2123
8533,8533,52.96977,-27.76111,104.1326,374.6,631.1,5.58,0.002689,3,4,0.016,0.732,5,aless101,spw2123
8534,8534,52.97021,-27.77013,102.1323,361.8,336.0,5.5,0.005533,13,5,0.006,0.978,6,aless101,spw2123
8536,8536,52.9582,-27.77317,103.7575,709.6,236.4,5.43,0.004311,7,7,0.002,0.684,8,aless101,spw2123
8538,8538,52.96823,-27.76411,104.6795,419.0,532.7,5.26,0.006196,19,9,0.0,0.68,10,aless101,spw2123
8539,8539,52.96217,-27.76053,101.8979,594.6,650.0,5.25,0.005988,17,10,0.0,0.624,11,aless101,spw2123
8541,8541,52.96266,-27.77432,104.4139,580.3,198.6,5.22,0.005078,11,12,0.0,0.772,13,aless101,spw2123
8542,8542,52.96331,-27.77522,102.1011,561.5,169.1,5.21,0.004274,9,13,0.0,0.905,14,aless101,spw2123
8544,8544,52.9616,-27.76343,101.5854,611.2,555.0,5.12,0.004279,9,15,0.0,0.875,16,aless101,spw2123
8551,8551,52.95967,-27.75839,103.2731,667.0,720.0,5.04,0.004642,9,22,0.0,0.844,23,aless101,spw2123
8563,8563,52.9586,-27.76439,103.695,698.1,523.6,4.98,0.004499,9,34,0.0,0.817,35,aless101,spw2123
8564,8564,52.96915,-27.76903,104.3826,392.6,371.9,4.97,0.004883,11,35,0.0,0.641,36,aless101,spw2123
8565,8565,52.96949,-27.75445,103.7263,382.7,849.0,4.96,0.004486,9,40,0.0,0.808,37,aless101,spw2123
8569,8569,52.97001,-27.76562,103.0074,367.5,483.4,4.96,0.00178,9,37,0.0,0.808,41,aless101,spw2123
8570,8570,52.96334,-27.75607,103.9607,560.8,796.0,4.95,0.005157,11,41,0.0,0.629,42,aless101,spw2123
8576,8576,52.96278,-27.75495,104.4295,576.8,832.8,4.87,0.004248,9,47,0.0,0.761,48,aless101,spw2123
8581,8581,52.96818,-27.76175,102.523,420.6,610.2,4.85,0.004362,9,52,0.0,0.75,53,aless101,spw2123
8601,8601,52.96265,-27.77275,103.695,580.8,250.1,4.78,0.004312,9,74,0.0,0.709,73,aless101,spw2123
8613,8613,52.96624,-27.76448,104.242,476.8,520.8,4.73,0.004257,9,84,0.0,0.679,85,aless101,spw2123
8621,8621,52.96685,-27.76674,103.0856,458.9,446.7,4.72,0.003826,9,89,0.0,0.672,93,aless101,spw2123
8624,8624,52.97333,-27.76277,102.3042,271.3,576.8,4.71,0.00397,9,95,0.0,0.666,96,aless101,spw2123
8647,8647,52.95516,-27.76112,103.0074,797.5,630.8,4.65,0.001672,9,118,0.0,0.627,119,aless101,spw2123
18143,18143,53.197,-27.52418,90.2757,704.4,387.9,6.08,0.00512,9,0,0.867,1.0,1,aless112,spw1719
18144,18144,53.19194,-27.51529,91.7916,851.4,678.9,5.75,0.002282,3,1,0.416,0.995,2,aless112,spw1719
18146,18146,53.19687,-27.51527,90.5883,708.4,679.7,5.32,0.003216,5,3,0.026,0.645,4,aless112,spw1719
18147,18147,53.20878,-27.52534,90.057,362.5,350.1,5.29,0.004591,9,4,0.02,0.869,5,aless112,spw1719
18148,18148,53.19397,-27.52182,90.3539,792.3,465.3,5.25,0.0044,9,5,0.013,0.771,6,aless112,spw1719
18149,18149,53.19785,-27.531,90.7914,679.7,164.9,5.25,0.003178,5,6,0.013,0.606,7,aless112,spw1719
18152,18152,53.20613,-27.51708,92.4948,439.6,620.3,5.14,0.005871,17,9,0.004,1.0,10,aless112,spw1719
18155,18155,53.20833,-27.52371,90.1038,375.6,403.3,5.11,0.006197,17,12,0.003,1.0,13,aless112,spw1719
18164,18164,53.20711,-27.51236,92.2916,410.9,774.9,4.94,0.005199,15,21,0.0,0.677,22,aless112,spw1719
18177,18177,53.21306,-27.52706,91.0571,238.4,293.7,4.85,0.004965,15,34,0.0,0.614,35,aless112,spw1719
18179,18179,53.19209,-27.52744,90.1038,847.0,281.4,4.83,0.005848,17,36,0.0,1.0,37,aless112,spw1719
18181,18181,53.2073,-27.52972,91.4009,405.6,206.6,4.81,0.00497,17,38,0.0,1.0,39,aless112,spw1719
18189,18189,53.20997,-27.5297,90.8383,328.1,207.4,4.77,0.005558,17,50,0.0,0.998,47,aless112,spw1719
18192,18192,53.20949,-27.50816,90.8071,342.0,912.4,4.77,0.005572,17,46,0.0,0.998,50,aless112,spw1719
18201,18201,53.20061,-27.51785,90.1195,599.7,595.2,4.75,0.005732,17,58,0.0,0.989,59,aless112,spw1719
18212,18212,53.21282,-27.53022,91.2602,245.2,190.5,4.72,0.004971,17,69,0.0,0.934,70,aless112,spw1719
18214,18214,53.19922,-27.52901,90.6195,640.1,229.9,4.71,0.005569,17,71,0.0,0.894,72,aless112,spw1719
26752,26752,53.20358,-27.52035,104.367,513.5,513.4,13.61,0.018358,19,0,1.0,1.0,1,aless112,spw2123
26753,26753,53.20349,-27.52035,104.2576,516.2,513.3,10.27,0.013719,19,1,1.0,1.0,2,aless112,spw2123
26754,26754,53.20359,-27.52034,104.4764,513.3,513.7,9.94,0.013392,19,2,1.0,1.0,3,aless112,spw2123
26755,26755,53.21329,-27.52038,101.1791,231.7,512.3,6.63,0.005603,9,3,0.977,1.0,4,aless112,spw2123
26756,26756,53.21129,-27.52205,103.9138,289.8,457.8,6.04,0.004079,5,4,0.718,0.969,5,aless112,spw2123
26757,26757,53.20728,-27.51534,101.6948,406.0,677.2,5.72,0.007202,19,5,0.423,0.971,6,aless112,spw2123
26758,26758,53.19676,-27.51834,102.3511,711.4,579.1,5.56,0.003384,5,7,0.281,0.842,7,aless112,spw2123
26759,26759,53.21301,-27.52713,103.7888,239.7,291.3,5.56,0.002643,3,6,0.281,0.606,8,aless112,spw2123
26760,26760,53.19547,-27.51491,103.2419,749.0,691.4,5.37,0.005885,13,8,0.15,0.696,9,aless112,spw2123
26762,26762,53.20386,-27.52577,102.2886,505.4,335.9,5.32,0.006565,19,10,0.123,0.855,11,aless112,spw2123
26763,26763,53.21056,-27.5155,101.9136,310.7,672.0,5.29,0.003715,7,11,0.109,0.705,12,aless112,spw2123
26765,26765,53.21555,-27.52495,104.3045,166.1,362.8,5.27,0.007148,19,13,0.101,0.83,14,aless112,spw2123
26766,26766,53.19054,-27.51956,101.0385,892.0,539.2,5.25,0.004239,7,14,0.092,0.662,15,aless112,spw2123
26767,26767,53.20526,-27.51203,104.5076,464.8,785.6,5.25,0.003259,5,15,0.092,0.671,16,aless112,spw2123
26768,26768,53.19756,-27.52716,104.242,688.1,290.5,5.25,0.003371,5,16,0.092,0.671,17,aless112,spw2123
26769,26769,53.20131,-27.51807,103.1325,579.3,588.1,5.24,0.003383,5,17,0.088,0.665,18,aless112,spw2123
26770,26770,53.19646,-27.52921,104.6483,720.1,223.5,5.24,0.003334,5,18,0.088,0.665,19,aless112,spw2123
26771,26771,53.19576,-27.52674,104.0857,740.5,304.3,5.18,0.005312,11,19,0.067,0.601,20,aless112,spw2123
26772,26772,53.1979,-27.51669,101.9917,678.4,633.0,5.14,0.006219,19,20,0.056,0.752,21,aless112,spw2123
26775,26775,53.19163,-27.52413,101.8042,860.4,389.7,5.12,0.005568,15,23,0.051,0.703,24,aless112,spw2123
26776,26776,53.20366,-27.52379,101.3979,511.2,400.7,5.1,0.005862,15,24,0.046,0.691,25,aless112,spw2123
26787,26787,53.21035,-27.51857,102.2417,317.1,571.7,5.01,0.006192,19,35,0.028,0.658,36,aless112,spw2123
36437,36437,53.0306,-27.85576,90.8227,507.3,513.1,8.19,0.0049,5,0,1.0,1.0,1,aless17,spw1719
36439,36439,53.01681,-27.85523,90.9633,906.5,530.3,5.29,0.005488,15,2,0.0,0.999,3,aless17,spw1719
36441,36441,53.02205,-27.86041,92.2916,754.8,360.8,5.23,0.005586,15,4,0.0,0.997,5,aless17,spw1719
36445,36445,53.0378,-27.86383,91.5415,299.3,248.9,5.09,0.00324,7,8,0.0,0.633,9,aless17,spw1719
36446,36446,53.04239,-27.85592,90.307,166.2,507.9,5.08,0.003712,7,9,0.0,0.628,10,aless17,spw1719
36447,36447,53.03291,-27.86185,91.4009,440.5,313.8,5.07,0.0042,11,10,0.0,0.693,11,aless17,spw1719
36449,36449,53.02972,-27.85993,91.1352,532.8,376.7,5.04,0.004214,11,13,0.0,0.664,13,aless17,spw1719
36450,36450,53.02777,-27.86192,89.885,589.3,311.7,5.04,0.002045,7,12,0.0,0.608,14,aless17,spw1719
36451,36451,53.02698,-27.86448,92.0259,612.1,227.9,5.03,0.004336,11,14,0.0,0.654,15,aless17,spw1719
36455,36455,53.04187,-27.85256,91.0727,181.3,617.8,4.98,0.004957,15,18,0.0,0.948,19,aless17,spw1719
36463,36463,53.01652,-27.85714,91.854,914.9,467.8,4.91,0.004993,15,26,0.0,0.905,27,aless17,spw1719
36477,36477,53.02832,-27.85642,92.526,573.5,491.5,4.8,0.005284,15,40,0.0,0.793,41,aless17,spw1719
36480,36480,53.03333,-27.85175,91.7603,428.5,644.2,4.8,0.005015,15,43,0.0,0.793,44,aless17,spw1719
44942,44942,53.02814,-27.85256,101.1791,578.8,617.7,5.71,0.004846,9,0,0.213,0.822,1,aless17,spw2123
44943,44943,53.03501,-27.84492,101.476,379.7,867.8,5.66,0.006826,17,1,0.172,0.841,2,aless17,spw2123
44944,44944,53.02218,-27.86257,102.7105,751.1,290.2,5.51,0.002586,3,2,0.081,0.71,3,aless17,spw2123
44945,44945,53.03237,-27.86179,103.9294,456.2,315.9,5.4,0.004329,7,3,0.042,0.645,4,aless17,spw2123
44946,44946,53.03144,-27.85481,102.1948,483.3,544.1,5.38,0.006224,17,4,0.036,0.665,5,aless17,spw2123
54643,54643,53.07489,-27.8759,84.922,511.3,513.4,7.55,0.005563,9,0,1.0,1.0,1,aless34,spw1719
54644,54644,53.07754,-27.8839,85.3283,434.6,251.5,5.88,0.003594,7,1,0.352,0.929,2,aless34,spw1719
54645,54645,53.08102,-27.87655,84.5938,333.9,492.2,5.86,0.006047,19,2,0.329,0.972,3,aless34,spw1719
54649,54649,53.07719,-27.87992,86.2502,444.9,381.7,5.45,0.002748,5,6,0.044,0.653,7,aless34,spw1719
67349,67349,53.06867,-27.87972,97.0476,691.2,388.2,8.48,0.005426,9,0,1.0,1.0,1,aless34,spw2123
67350,67350,53.07362,-27.87172,97.032,548.1,650.0,8.42,0.00599,11,1,1.0,1.0,2,aless34,spw2123
67351,67351,53.0751,-27.8791,97.0476,505.2,408.6,8.33,0.004659,7,2,1.0,1.0,3,aless34,spw2123
67352,67352,53.06985,-27.87901,97.032,657.0,411.7,8.29,0.005312,9,3,1.0,1.0,4,aless34,spw2123
67353,67353,53.07569,-27.87513,97.032,488.3,538.6,8.14,0.006303,13,4,1.0,1.0,5,aless34,spw2123
67354,67354,53.07502,-27.87383,97.0633,507.5,581.0,8.05,0.005124,9,5,1.0,1.0,6,aless34,spw2123
67355,67355,53.07502,-27.87541,97.0633,507.5,529.5,8.02,0.006158,13,6,1.0,1.0,7,aless34,spw2123
67356,67356,53.07306,-27.87339,97.0476,564.3,595.6,7.88,0.006523,15,7,1.0,1.0,8,aless34,spw2123
67357,67357,53.07425,-27.87337,97.0633,530.0,596.2,7.76,0.006406,15,8,1.0,1.0,9,aless34,spw2123
67358,67358,53.07418,-27.87732,97.0789,531.8,467.0,7.59,0.005347,11,9,1.0,1.0,10,aless34,spw2123
67359,67359,53.07245,-27.87718,97.0633,581.9,471.5,7.43,0.006538,17,10,0.999,1.0,11,aless34,spw2123
67360,67360,53.07483,-27.87439,97.0789,513.0,562.8,7.24,0.006357,17,11,0.997,1.0,12,aless34,spw2123
67361,67361,53.07346,-27.87434,97.0945,552.8,564.4,7.06,0.006192,17,12,0.988,0.999,13,aless34,spw2123
67362,67362,53.07513,-27.87626,97.0164,504.4,501.7,6.97,0.003877,7,13,0.98,1.0,14,aless34,spw2123
67363,67363,53.07418,-27.875,97.0476,532.0,542.9,6.87,0.006421,19,14,0.965,0.997,15,aless34,spw2123
67364,67364,53.06956,-27.87747,96.9851,665.4,461.9,6.7,0.006074,17,15,0.919,0.995,16,aless34,spw2123
67365,67365,53.06772,-27.87978,97.0945,718.8,386.3,6.64,0.004184,9,16,0.896,0.988,17,aless34,spw2123
67366,67366,53.07516,-27.87752,97.0476,503.5,460.4,6.52,0.002184,3,17,0.833,1.0,18,aless34,spw2123
67367,67367,53.07525,-27.87603,97.1258,500.9,509.1,6.5,0.006056,19,18,0.821,0.973,19,aless34,spw2123
67368,67368,53.07361,-27.87652,97.1101,548.3,492.9,6.09,0.004245,11,19,0.473,0.886,20,aless34,spw2123
67369,67369,53.07483,-27.8761,98.2821,513.1,506.8,5.95,0.005593,17,20,0.343,0.938,21,aless34,spw2123
67370,67370,53.08003,-27.86758,98.2665,362.7,785.6,5.94,0.005524,17,21,0.334,0.936,22,aless34,spw2123
67371,67371,53.07668,-27.87512,97.1414,459.6,539.0,5.77,0.005057,17,22,0.201,0.901,23,aless34,spw2123
67372,67372,53.08169,-27.8673,98.2821,314.6,794.7,5.74,0.0057,19,23,0.181,0.623,24,aless34,spw2123
67375,67375,53.07513,-27.87557,98.3134,504.5,524.2,5.66,0.004652,13,26,0.135,0.923,27,aless34,spw2123
67376,67376,53.07379,-27.88654,97.0945,543.2,165.3,5.62,0.001848,3,27,0.115,0.671,28,aless34,spw2123
67384,67384,53.07565,-27.87449,97.407,489.2,559.6,5.43,0.004758,17,35,0.049,0.793,36,aless34,spw2123
67385,67385,53.08585,-27.8727,97.829,194.2,618.1,5.43,0.004758,15,36,0.049,0.724,37,aless34,spw2123
67386,67386,53.07568,-27.87491,98.2509,488.6,545.9,5.41,0.004706,15,37,0.044,0.714,38,aless34,spw2123
67388,67388,53.08212,-27.88608,97.3914,302.3,180.2,5.38,0.004722,17,39,0.038,0.773,40,aless34,spw2123
67394,67394,53.08086,-27.86808,97.7665,338.5,769.4,5.29,0.004405,13,45,0.023,0.776,46,aless34,spw2123
67395,67395,53.07562,-27.87665,97.4696,490.1,488.8,5.28,0.004112,13,46,0.022,0.771,47,aless34,spw2123
67396,67396,53.07181,-27.88718,97.4852,600.6,144.2,5.27,0.004722,17,47,0.021,0.725,48,aless34,spw2123
67402,67402,53.07501,-27.87473,98.1884,507.9,551.5,5.23,0.004164,13,52,0.016,0.743,54,aless34,spw2123
67405,67405,53.07485,-27.87528,97.4539,512.6,533.6,5.22,0.004019,13,54,0.015,0.737,57,aless34,spw2123
67406,67406,53.07526,-27.87616,97.4852,500.7,504.8,5.21,0.004407,15,57,0.014,0.603,58,aless34,spw2123
67410,67410,53.07437,-27.87634,97.4383,526.3,499.0,5.17,0.003936,13,61,0.011,0.707,62,aless34,spw2123
67412,67412,53.07699,-27.86999,97.7508,450.6,706.9,5.16,0.004342,13,63,0.011,0.701,64,aless34,spw2123
67421,67421,53.07479,-27.87578,96.6882,514.3,517.2,5.09,0.004785,17,72,0.007,0.637,73,aless34,spw2123
67422,67422,53.07541,-27.88406,98.4072,496.2,246.4,5.09,0.004799,17,74,0.007,0.637,74,aless34,spw2123
67427,67427,53.08061,-27.88536,97.3758,345.9,203.8,5.07,0.004464,17,76,0.006,0.626,79,aless34,spw2123
67431,67431,53.07612,-27.88416,98.3915,475.7,243.0,5.04,0.004774,17,83,0.005,0.61,83,aless34,spw2123
77265,77265,52.79195,-27.87687,97.4882,187.2,189.1,25.2,0.016296,17,0,1.0,1.0,1,aless41,allspw
77266,77266,52.79201,-27.87685,97.5975,186.4,189.4,19.02,0.008252,11,1,1.0,1.0,2,aless41,allspw
77267,77267,52.79185,-27.87687,97.3788,188.4,189.1,18.33,0.00799,11,2,1.0,1.0,3,aless41,allspw
77268,77268,52.79202,-27.87683,97.7069,186.3,189.7,11.77,0.006321,19,3,1.0,1.0,4,aless41,allspw
77269,77269,52.79185,-27.87686,97.2694,188.5,189.2,9.68,0.005285,19,4,1.0,1.0,5,aless41,allspw
77270,77270,52.7909,-27.87376,87.1911,200.6,233.9,8.99,0.004344,19,5,1.0,1.0,6,aless41,allspw
77271,77271,52.79092,-27.87377,87.7067,200.3,233.7,8.36,0.00434,19,6,1.0,1.0,7,aless41,allspw
77272,77272,52.7909,-27.87377,87.3004,200.5,233.8,7.95,0.003983,19,7,1.0,1.0,8,aless41,allspw
77273,77273,52.79087,-27.87376,87.5973,200.9,233.9,7.76,0.003996,19,8,1.0,1.0,9,aless41,allspw
77274,77274,52.79086,-27.87372,88.3005,201.1,234.4,7.64,0.004139,19,9,1.0,1.0,10,aless41,allspw
77275,77275,52.79092,-27.87376,87.8161,200.3,233.8,7.5,0.003857,19,10,1.0,1.0,11,aless41,allspw
77276,77276,52.79082,-27.87375,88.1911,201.6,234.0,7.47,0.004264,19,11,1.0,1.0,12,aless41,allspw
77277,77277,52.79088,-27.87377,86.6754,200.8,233.7,7.38,0.003559,19,12,1.0,1.0,13,aless41,allspw
77278,77278,52.79089,-27.87369,85.8004,200.7,234.9,7.36,0.004258,19,13,1.0,1.0,14,aless41,allspw
77279,77279,52.79084,-27.87371,98.1288,201.3,234.6,7.36,0.003992,19,14,1.0,1.0,15,aless41,allspw
77280,77280,52.79091,-27.87376,87.0817,200.5,233.9,7.25,0.003696,19,15,1.0,1.0,16,aless41,allspw
77281,77281,52.79086,-27.87375,88.0817,201.1,234.0,7.21,0.003935,19,16,1.0,1.0,17,aless41,allspw
77282,77282,52.79081,-27.87382,87.4567,201.7,233.0,7.12,0.003469,19,17,1.0,1.0,18,aless41,allspw
77283,77283,52.7908,-27.87371,97.9882,201.8,234.6,7.04,0.003687,19,18,1.0,1.0,19,aless41,allspw
77284,77284,52.79086,-27.87372,100.1289,201.1,234.5,6.87,0.00377,19,19,1.0,1.0,20,aless41,allspw
77285,77285,52.79091,-27.87377,85.5973,200.4,233.8,6.71,0.003972,19,20,1.0,1.0,21,aless41,allspw
77286,77286,52.79088,-27.87372,86.7848,200.9,234.4,6.55,0.003034,19,21,1.0,1.0,22,aless41,allspw
77287,77287,52.79089,-27.87375,87.9567,200.7,234.0,6.54,0.003434,19,22,1.0,1.0,23,aless41,allspw
77288,77288,52.79097,-27.87373,86.4254,199.7,234.3,6.3,0.003368,19,23,1.0,1.0,24,aless41,allspw
77289,77289,52.79085,-27.87369,98.2382,201.3,234.9,6.29,0.003543,19,24,1.0,1.0,25,aless41,allspw
77290,77290,52.79091,-27.87373,99.6913,200.4,234.3,6.15,0.003489,17,25,1.0,0.986,26,aless41,allspw
77291,77291,52.7909,-27.87373,86.9254,200.6,234.3,6.15,0.003253,19,26,1.0,1.0,27,aless41,allspw
77292,77292,52.79091,-27.87383,86.5348,200.4,232.9,6.12,0.003118,19,27,1.0,1.0,28,aless41,allspw
77293,77293,52.79084,-27.87377,100.2382,201.4,233.8,6.1,0.002536,19,28,1.0,1.0,29,aless41,allspw
77294,77294,52.79087,-27.87381,97.7225,201.0,233.1,5.82,0.003088,19,29,1.0,1.0,30,aless41,allspw
77295,77295,52.7909,-27.87371,88.4098,200.5,234.6,5.81,0.002358,19,30,1.0,1.0,31,aless41,allspw
77296,77296,52.79093,-27.87377,85.0973,200.2,233.7,5.81,0.003227,19,31,1.0,1.0,32,aless41,allspw
77297,77297,52.79087,-27.87372,100.0195,201.0,234.4,5.75,0.003313,19,32,1.0,1.0,33,aless41,allspw
77298,77298,52.79095,-27.87374,86.3004,200.0,234.2,5.75,0.002999,19,33,1.0,1.0,34,aless41,allspw
77299,77299,52.79095,-27.87372,85.2066,199.9,234.4,5.71,0.003234,19,34,1.0,1.0,35,aless41,allspw
77300,77300,52.79085,-27.87368,97.1913,201.2,234.9,5.61,0.00297,19,35,1.0,1.0,36,aless41,allspw
77301,77301,52.79085,-27.87376,97.5975,201.3,233.9,5.6,0.00327,19,36,0.999,1.0,37,aless41,allspw
77302,77302,52.79076,-27.87375,97.8788,202.4,234.0,5.59,0.002848,19,37,0.998,1.0,38,aless41,allspw
77303,77303,52.8034,-27.88917,85.1441,41.5,12.0,5.58,0.001465,5,38,0.996,0.759,39,aless41,allspw
77304,77304,52.79093,-27.87372,99.5663,200.2,234.4,5.57,0.003399,19,39,0.992,1.0,40,aless41,allspw
77305,77305,52.79089,-27.87372,98.6601,200.7,234.4,5.56,0.002783,17,40,0.985,0.892,41,aless41,allspw
77306,77306,52.79092,-27.87375,85.441,200.3,234.0,5.56,0.003275,19,41,0.985,1.0,42,aless41,allspw
77307,77307,52.77997,-27.88354,98.6913,339.7,93.0,5.5,0.001009,3,42,0.797,0.619,43,aless41,allspw
77308,77308,52.79085,-27.87367,85.941,201.2,235.2,5.48,0.003047,19,43,0.648,1.0,44,aless41,allspw
77309,77309,52.79086,-27.87375,99.8007,201.1,234.0,5.47,0.003231,19,44,0.562,1.0,45,aless41,allspw
77310,77310,52.79112,-27.87374,98.8788,197.7,234.2,5.43,0.003033,19,45,0.228,1.0,46,aless41,allspw
77311,77311,52.79078,-27.87374,97.3632,202.1,234.2,5.4,0.003181,19,46,0.078,0.999,47,aless41,allspw
77312,77312,52.79095,-27.87371,85.3316,199.9,234.6,5.34,0.003059,19,47,0.003,0.999,48,aless41,allspw
77313,77313,52.78873,-27.86782,98.5038,228.2,319.3,5.29,0.002575,19,48,0.0,0.998,49,aless41,allspw
77315,77315,52.79076,-27.8737,98.3476,202.4,234.7,5.21,0.002941,19,50,0.0,0.995,51,aless41,allspw
77322,77322,52.79769,-27.88586,87.2223,114.1,59.6,5.1,0.001841,11,57,0.0,0.635,58,aless41,allspw
77324,77324,52.79075,-27.87376,97.4882,202.5,233.8,5.06,0.003443,19,59,0.0,0.977,60,aless41,allspw
77328,77328,52.79089,-27.8737,99.3632,200.7,234.7,5.01,0.002931,19,63,0.0,0.965,64,aless41,allspw
77331,77331,52.80014,-27.87461,87.9098,82.9,221.6,4.93,0.0021,13,66,0.0,0.712,67,aless41,allspw
77336,77336,52.7959,-27.87747,86.0192,136.9,180.5,4.92,0.002583,19,67,0.0,0.931,72,aless41,allspw
77342,77342,52.79093,-27.87379,84.9879,200.2,233.4,4.89,0.002114,19,77,0.0,0.915,78,aless41,allspw
77354,77354,52.79958,-27.86677,85.7848,90.1,334.6,4.84,0.002794,19,90,0.0,0.883,90,aless41,allspw
77362,77362,52.78824,-27.88089,99.4101,234.5,131.2,4.81,0.002308,13,97,0.0,0.655,98,aless41,allspw
77364,77364,52.80547,-27.87268,87.4723,15.1,249.3,4.8,0.002338,19,99,0.0,0.851,100,aless41,allspw
77372,77372,52.79769,-27.8679,100.0038,114.1,318.3,4.78,0.002754,19,104,0.0,0.834,108,aless41,allspw
77379,77379,52.79939,-27.88906,98.8163,92.5,13.6,4.74,0.002157,13,114,0.0,0.621,115,aless41,allspw
77381,77381,52.7805,-27.87476,98.2226,333.0,219.5,4.74,0.002641,19,116,0.0,0.794,117,aless41,allspw
77382,77382,52.79085,-27.87373,99.9101,201.2,234.3,4.73,0.00267,19,118,0.0,0.784,118,aless41,allspw
77384,77384,52.79086,-27.87368,86.191,201.1,235.0,4.73,0.002481,19,119,0.0,0.784,120,aless41,allspw
77391,77391,52.80152,-27.87974,85.6129,65.4,147.7,4.7,0.00276,19,127,0.0,0.75,127,aless41,allspw
77396,77396,52.7848,-27.88191,87.2067,278.2,116.5,4.68,0.002265,19,131,0.0,0.726,132,aless41,allspw
77407,77407,52.78781,-27.87646,98.2694,239.8,195.0,4.66,0.002663,19,142,0.0,0.7,143,aless41,allspw
77415,77415,52.79081,-27.87371,98.4726,201.7,234.6,4.64,0.002292,19,147,0.0,0.674,151,aless41,allspw
87123,87123,52.85295,-27.84637,87.6598,175.0,163.6,25.14,0.013938,13,0,1.0,1.0,1,aless49,allspw
87124,87124,52.85291,-27.84637,87.7692,175.5,163.7,19.64,0.011894,19,1,1.0,1.0,2,aless49,allspw
87125,87125,52.85295,-27.84639,87.5504,175.0,163.4,18.27,0.010307,19,2,1.0,1.0,3,aless49,allspw
87126,87126,52.85286,-27.84638,87.8786,176.1,163.5,7.3,0.004009,19,3,1.0,1.0,4,aless49,allspw
87127,87127,52.85292,-27.8464,87.4411,175.3,163.2,7.18,0.003613,19,4,1.0,1.0,5,aless49,allspw
87128,87128,52.85292,-27.84546,87.9879,175.4,176.8,6.16,0.002551,11,5,0.954,1.0,6,aless49,allspw
87129,87129,52.86092,-27.85384,98.9413,73.6,56.2,5.96,0.00156,5,6,0.842,0.957,7,aless49,allspw
87130,87130,52.85127,-27.84234,96.8006,196.4,221.8,5.66,0.002106,15,7,0.493,0.972,8,aless49,allspw
87131,87131,52.8529,-27.83717,88.0504,175.6,296.1,5.59,0.002668,15,8,0.399,0.965,9,aless49,allspw
87132,87132,52.84234,-27.8488,96.9256,310.1,128.7,5.46,0.002455,13,9,0.243,0.996,10,aless49,allspw
87134,87134,52.84375,-27.85423,99.8788,292.1,50.5,5.36,0.003116,19,11,0.15,0.917,12,aless49,allspw
87136,87136,52.85451,-27.84151,86.0817,155.2,233.6,5.26,0.002359,13,13,0.084,0.612,14,aless49,allspw
87137,87137,52.8519,-27.85345,85.1129,188.3,61.7,5.24,0.002164,11,14,0.074,0.9,15,aless49,allspw
87138,87138,52.84002,-27.84472,86.6598,339.7,187.5,5.21,0.00158,11,15,0.061,0.888,16,aless49,allspw
87139,87139,52.86226,-27.83659,99.2851,56.5,304.5,5.15,0.002931,19,16,0.04,0.659,17,aless49,allspw
87140,87140,52.85433,-27.84522,98.4882,157.4,180.3,5.14,0.00253,19,17,0.037,0.642,18,aless49,allspw
87145,87145,52.84867,-27.8359,86.6442,229.5,314.4,5.06,0.001999,15,22,0.02,0.85,23,aless49,allspw
87153,87153,52.86006,-27.83628,88.2379,84.5,309.0,4.96,0.001984,11,30,0.008,0.745,31,aless49,allspw
87157,87157,52.85527,-27.84649,98.8788,145.5,162.0,4.95,0.002375,15,32,0.008,0.809,35,aless49,allspw
87158,87158,52.85448,-27.83957,86.6598,155.5,261.6,4.94,0.001968,15,35,0.007,0.805,36,aless49,allspw
87168,87168,52.84299,-27.84327,86.441,301.8,208.3,4.84,0.002226,15,45,0.003,0.762,46,aless49,allspw
87179,87179,52.84324,-27.84907,86.9098,298.6,124.7,4.76,0.002179,15,56,0.001,0.724,57,aless49,allspw
87183,87183,52.84706,-27.83365,98.5819,250.0,346.9,4.75,0.001983,15,59,0.001,0.719,61,aless49,allspw
87196,87196,52.85036,-27.85601,99.1601,207.9,24.8,4.7,0.002299,15,73,0.001,0.693,74,aless49,allspw
87203,87203,52.86214,-27.84865,97.2382,58.0,130.8,4.69,0.002163,15,78,0.0,0.688,81,aless49,allspw
87208,87208,52.85407,-27.8437,85.316,160.7,202.1,4.66,0.002355,15,85,0.0,0.672,86,aless49,allspw
87235,87235,52.86183,-27.84971,86.7067,62.0,115.5,4.59,0.001856,15,112,0.0,0.634,113,aless49,allspw
87260,87260,52.85182,-27.83459,99.5351,189.4,333.3,4.55,0.002415,15,137,0.0,0.612,138,aless49,allspw
87262,87262,52.85627,-27.84818,98.6913,132.8,137.6,4.55,0.002244,15,139,0.0,0.612,140,aless49,allspw
96871,96871,52.95161,-27.73782,84.2344,111.6,614.4,5.67,0.004415,13,0,0.237,0.871,1,aless51,spw1719
96872,96872,52.92687,-27.74565,85.7502,828.1,358.2,5.58,0.003316,7,1,0.167,0.986,2,aless51,spw1719
96873,96873,52.93208,-27.74086,84.2969,677.5,515.2,5.58,0.002068,3,2,0.167,0.623,3,aless51,spw1719
96874,96874,52.9472,-27.73953,85.5627,239.2,558.4,5.56,0.00205,3,3,0.154,0.604,4,aless51,spw1719
96875,96875,52.9365,-27.74172,87.3754,549.3,486.8,5.41,0.003629,9,4,0.076,0.682,5,aless51,spw1719
96876,96876,52.94849,-27.74211,84.5157,202.2,474.0,5.4,0.003226,7,5,0.072,0.925,6,aless51,spw1719
96877,96877,52.92859,-27.75189,87.4066,778.6,154.1,5.3,0.004693,15,6,0.041,0.712,7,aless51,spw1719
96878,96878,52.94182,-27.7467,84.5469,395.4,323.8,5.27,0.004755,15,7,0.034,0.679,8,aless51,spw1719
96882,96882,52.93277,-27.72903,84.7344,657.5,902.3,5.23,0.00322,7,11,0.027,0.769,12,aless51,spw1719
96884,96884,52.93893,-27.7543,86.5315,478.8,75.1,5.17,0.004972,19,13,0.018,0.747,14,aless51,spw1719
96894,96894,52.94496,-27.73301,87.266,304.4,771.9,5.08,0.00488,19,25,0.009,0.704,24,aless51,spw1719
96900,96900,52.93783,-27.74109,86.4847,510.9,507.6,5.01,0.004875,19,29,0.006,0.667,30,aless51,spw1719
96923,96923,52.94196,-27.73521,87.4848,391.1,699.9,4.89,0.004949,19,53,0.002,0.602,53,aless51,spw1719
96926,96926,52.93549,-27.72965,85.8596,578.5,881.8,4.89,0.004719,19,51,0.002,0.602,56,aless51,spw1719
109415,109415,52.937,-27.7403,97.6415,535.0,533.4,6.15,0.002949,5,0,0.808,0.997,1,aless51,spw2123
109416,109416,52.93681,-27.73884,97.6415,540.3,581.2,6.09,0.003509,7,1,0.77,1.0,2,aless51,spw2123
109417,109417,52.94024,-27.73993,97.6258,440.9,545.6,5.94,0.002821,5,2,0.658,0.967,3,aless51,spw2123
109418,109418,52.93469,-27.74471,98.626,601.7,388.9,5.89,0.004489,11,3,0.617,0.983,4,aless51,spw2123
109419,109419,52.93893,-27.74125,97.6258,478.8,502.3,5.89,0.003364,7,4,0.617,0.979,5,aless51,spw2123
109420,109420,52.92868,-27.74426,96.9695,775.8,403.7,5.88,0.004281,11,5,0.609,0.981,6,aless51,spw2123
109421,109421,52.93659,-27.74174,96.9695,546.8,486.3,5.78,0.004605,13,7,0.522,0.804,7,aless51,spw2123
109422,109422,52.93751,-27.74095,97.6415,520.0,512.1,5.78,0.003821,9,6,0.522,0.903,8,aless51,spw2123
109423,109423,52.9352,-27.73933,99.5011,586.9,565.2,5.72,0.003561,7,8,0.469,0.698,9,aless51,spw2123
109424,109424,52.93634,-27.74035,96.9539,553.9,531.6,5.65,0.004141,11,9,0.408,0.9,10,aless51,spw2123
109425,109425,52.93804,-27.7412,96.9851,504.8,503.8,5.61,0.004053,11,10,0.374,0.874,11,aless51,spw2123
109426,109426,52.93745,-27.7408,96.9695,521.8,516.9,5.56,0.003628,9,11,0.333,0.775,12,aless51,spw2123
109427,109427,52.93572,-27.73961,97.6258,571.8,556.0,5.56,0.003647,9,12,0.333,0.775,13,aless51,spw2123
109430,109430,52.9356,-27.74531,98.6416,575.3,369.3,5.49,0.003766,9,15,0.279,0.72,16,aless51,spw2123
109431,109431,52.93798,-27.74342,97.6571,506.4,431.2,5.44,0.003639,9,16,0.243,0.678,17,aless51,spw2123
109433,109433,52.92887,-27.74313,96.9695,770.3,440.8,5.43,0.00468,15,17,0.236,0.743,19,aless51,spw2123
109435,109435,52.9285,-27.74481,96.9539,781.1,385.6,5.42,0.00355,9,19,0.23,0.66,21,aless51,spw2123
109444,109444,52.93204,-27.7454,97.0008,678.4,366.4,5.28,0.004557,15,29,0.147,0.624,30,aless51,spw2123
119391,119391,53.25884,-27.68659,87.1253,524.7,183.2,6.55,0.005638,17,0,0.994,0.998,1,aless55,spw1719
119392,119392,53.27095,-27.68262,86.9378,173.7,313.2,5.66,0.003018,7,1,0.059,0.927,2,aless55,spw1719
119393,119393,53.2641,-27.6851,85.3751,372.3,232.0,5.57,0.003843,9,2,0.024,0.863,3,aless55,spw1719
119394,119394,53.26875,-27.67183,85.0939,237.5,666.1,5.45,0.003985,9,3,0.006,0.811,4,aless55,spw1719
119395,119395,53.268,-27.68329,85.1095,259.1,291.1,5.43,0.004849,13,4,0.004,0.603,5,aless55,spw1719
119396,119396,53.26599,-27.68487,86.0627,317.4,239.6,5.37,0.005335,19,5,0.002,0.896,6,aless55,spw1719
119398,119398,53.26302,-27.68189,85.7189,403.5,337.1,5.33,0.00534,19,7,0.001,0.881,8,aless55,spw1719
119400,119400,53.25775,-27.67347,85.4064,556.3,612.7,5.32,0.004773,15,8,0.001,0.693,10,aless55,spw1719
119405,119405,53.24683,-27.68394,85.6408,872.8,269.8,5.23,0.00358,9,14,0.0,0.692,15,aless55,spw1719
119406,119406,53.26757,-27.68254,87.1253,271.6,315.6,5.18,0.004731,19,15,0.0,0.807,16,aless55,spw1719
119407,119407,53.25737,-27.67474,84.5782,567.2,571.1,5.17,0.003542,9,16,0.0,0.654,17,aless55,spw1719
119414,119414,53.26194,-27.67653,85.4533,434.7,512.6,5.09,0.003522,9,23,0.0,0.602,24,aless55,spw1719
119421,119421,53.25276,-27.68645,87.0316,700.7,187.9,5.01,0.004558,19,30,0.0,0.696,31,aless55,spw1719
119436,119436,53.25717,-27.67912,86.3284,573.1,427.6,4.91,0.005042,19,45,0.0,0.62,46,aless55,spw1719
131982,131982,53.25915,-27.67653,99.5167,515.7,512.3,6.8,0.00449,9,0,1.0,0.982,1,aless55,spw2123
131983,131983,53.2576,-27.67774,99.4854,560.7,472.8,6.17,0.003772,7,1,0.961,0.892,2,aless55,spw2123
141811,141811,53.19127,-28.00645,85.3126,509.0,514.2,7.85,0.005567,9,0,1.0,1.0,1,aless61,spw1719
141812,141812,53.18617,-28.01359,86.2502,656.3,280.7,6.04,0.004613,11,1,0.685,0.956,2,aless61,spw1719
141813,141813,53.19902,-28.01603,84.4844,285.2,200.6,5.76,0.003808,9,2,0.513,0.96,3,aless61,spw1719
141814,141814,53.19119,-28.00647,85.422,511.2,513.7,5.6,0.005914,19,3,0.412,0.881,4,aless61,spw1719
141815,141815,53.20168,-28.00813,84.4688,208.1,459.1,5.59,0.001958,3,4,0.405,0.77,5,aless61,spw1719
141816,141816,53.19123,-28.00656,85.2032,510.0,510.7,5.56,0.00529,15,5,0.387,0.798,6,aless61,spw1719
141817,141817,53.18406,-28.00647,87.2035,717.2,513.5,5.53,0.004636,15,6,0.369,0.785,7,aless61,spw1719
141818,141818,53.19825,-28.01545,85.7033,307.4,219.8,5.53,0.001949,3,7,0.369,0.728,8,aless61,spw1719
141819,141819,53.19285,-27.99431,87.516,463.2,911.7,5.47,0.005243,17,8,0.333,0.845,9,aless61,spw1719
141820,141820,53.18906,-28.01903,85.0782,572.9,102.5,5.46,0.005541,17,9,0.327,0.84,10,aless61,spw1719
141821,141821,53.19469,-28.00093,84.9532,410.0,694.9,5.42,0.004455,11,10,0.305,0.713,11,aless61,spw1719
141823,141823,53.17956,-28.00278,87.2191,847.2,634.3,5.4,0.003489,9,12,0.293,0.719,13,aless61,spw1719
141825,141825,53.18877,-28.00056,85.0782,581.0,707.0,5.34,0.004337,11,14,0.261,0.661,15,aless61,spw1719
141826,141826,53.1794,-28.00587,87.141,852.0,533.2,5.33,0.004969,19,15,0.256,0.784,16,aless61,spw1719
141827,141827,53.20305,-28.01342,86.9847,168.6,286.2,5.33,0.004603,17,16,0.256,0.765,17,aless61,spw1719
141828,141828,53.17661,-28.00142,85.7814,932.5,679.0,5.3,0.00508,17,17,0.241,0.745,18,aless61,spw1719
141831,141831,53.18665,-28.00856,86.9222,642.4,445.3,5.22,0.003929,13,20,0.203,0.622,21,aless61,spw1719
141832,141832,53.17801,-28.00961,87.4691,892.0,410.7,5.21,0.005238,19,21,0.198,0.73,22,aless61,spw1719
141837,141837,53.19852,-28.00063,85.2032,299.5,704.6,5.16,0.005265,17,26,0.177,0.641,27,aless61,spw1719
141851,141851,53.19781,-28.01842,85.7814,320.0,122.4,5.03,0.004987,19,40,0.128,0.637,41,aless61,spw1719
154583,154583,53.20038,-28.01239,97.0945,245.8,319.9,5.55,0.003005,7,0,0.0,0.703,1,aless61,spw2123
154584,154584,53.1995,-28.00294,99.3135,271.2,629.2,5.47,0.005765,19,1,0.0,0.825,2,aless61,spw2123
154585,154585,53.19751,-28.00433,97.0476,328.6,583.7,5.42,0.002987,7,2,0.0,0.644,3,aless61,spw2123
154595,154595,53.18266,-28.0026,97.829,757.7,640.1,5.24,0.005166,19,12,0.0,0.685,13,aless61,spw2123
154597,154597,53.18327,-28.00219,97.8133,740.0,653.8,5.23,0.005175,19,14,0.0,0.678,15,aless61,spw2123
154608,154608,53.18263,-28.00387,97.8602,758.5,598.8,5.13,0.005072,19,27,0.0,0.605,26,aless61,spw2123
164518,164518,53.15913,-27.58604,87.0472,318.0,368.3,6.08,0.00493,15,0,0.908,0.915,1,aless62,spw1719
164519,164519,53.16578,-27.58289,85.0001,125.1,471.3,5.85,0.002235,3,1,0.494,0.789,2,aless62,spw1719
164520,164520,53.1595,-27.57408,86.3284,307.4,759.8,5.65,0.004255,11,2,0.118,0.776,3,aless62,spw1719
164521,164521,53.15449,-27.57845,87.3285,452.6,616.9,5.53,0.003121,7,3,0.03,0.737,4,aless62,spw1719
164522,164522,53.154,-27.58695,87.266,466.9,338.4,5.48,0.00432,13,4,0.015,0.772,5,aless62,spw1719
164523,164523,53.13735,-27.57927,86.5472,949.7,589.8,5.31,0.004739,17,5,0.001,0.706,6,aless62,spw1719
164526,164526,53.15924,-27.58734,87.1566,314.8,325.7,5.27,0.003365,9,8,0.0,0.627,9,aless62,spw1719
164533,164533,53.15577,-27.56991,86.5628,415.6,896.3,5.14,0.004858,19,15,0.0,0.697,16,aless62,spw1719
164539,164539,53.15686,-27.58782,85.7971,383.8,310.1,5.09,0.004939,19,21,0.0,0.665,22,aless62,spw1719
164541,164541,53.1457,-27.5724,87.516,707.5,814.8,5.08,0.005019,19,23,0.0,0.658,24,aless62,spw1719
164545,164545,53.16476,-27.58872,84.6719,154.8,280.5,5.06,0.005242,19,27,0.0,0.645,28,aless62,spw1719
164553,164553,53.15117,-27.58737,86.5003,548.9,324.7,5.0,0.004834,19,35,0.0,0.604,36,aless62,spw1719
177098,177098,53.15219,-27.58151,97.579,519.3,516.4,20.6,0.015951,11,0,1.0,1.0,1,aless62,spw2123
177099,177099,53.15333,-27.58121,97.579,486.3,526.5,20.28,0.017226,13,1,1.0,1.0,2,aless62,spw2123
177100,177100,53.15272,-27.58187,97.5946,504.0,504.8,20.27,0.017243,13,2,1.0,1.0,3,aless62,spw2123
177101,177101,53.15394,-27.58139,97.579,468.6,520.4,19.84,0.013589,9,3,1.0,1.0,4,aless62,spw2123
177102,177102,53.14996,-27.58223,97.6102,584.0,493.0,19.58,0.016576,13,4,1.0,1.0,5,aless62,spw2123
177103,177103,53.15273,-27.58028,97.5946,503.7,556.9,19.55,0.017888,15,5,1.0,1.0,6,aless62,spw2123
177104,177104,53.15403,-27.58324,97.5633,466.1,459.8,19.34,0.013149,9,6,1.0,1.0,7,aless62,spw2123
177105,177105,53.15466,-27.58054,97.579,447.6,548.4,19.23,0.017547,15,7,1.0,1.0,8,aless62,spw2123
177106,177106,53.14945,-27.58495,97.5633,598.9,404.1,18.62,0.010896,7,8,1.0,1.0,9,aless62,spw2123
177107,177107,53.15209,-27.58058,97.6258,522.4,546.9,18.59,0.018101,17,9,1.0,1.0,10,aless62,spw2123
177108,177108,53.15133,-27.58266,97.5477,544.3,479.0,18.36,0.012388,9,10,1.0,1.0,11,aless62,spw2123
177109,177109,53.15438,-27.57977,97.579,455.7,573.5,18.24,0.010679,7,11,1.0,1.0,12,aless62,spw2123
177110,177110,53.15217,-27.58221,97.6102,519.8,493.7,17.9,0.018411,19,12,1.0,1.0,13,aless62,spw2123
177111,177111,53.15263,-27.58377,97.6258,506.5,442.8,17.76,0.013703,11,13,1.0,1.0,14,aless62,spw2123
177112,177112,53.15834,-27.58174,97.5946,341.0,509.2,17.61,0.018112,19,14,1.0,1.0,15,aless62,spw2123
177113,177113,53.15287,-27.58473,97.5633,499.7,411.2,16.75,0.008012,5,15,1.0,1.0,16,aless62,spw2123
177114,177114,53.15102,-27.57982,97.5477,553.1,571.8,16.48,0.016768,19,16,1.0,1.0,17,aless62,spw2123
177115,177115,53.15137,-27.58026,97.6571,543.1,557.6,16.41,0.015858,17,17,1.0,1.0,18,aless62,spw2123
177116,177116,53.14775,-27.58121,97.5321,648.0,526.5,16.4,0.011,9,18,1.0,1.0,19,aless62,spw2123
177117,177117,53.14897,-27.58108,97.5321,612.8,530.8,16.18,0.01643,19,19,1.0,1.0,20,aless62,spw2123
177118,177118,53.15151,-27.58179,97.579,538.9,507.6,16.06,0.007687,5,20,1.0,1.0,21,aless62,spw2123
177119,177119,53.15258,-27.5848,97.6727,507.9,408.9,15.96,0.016439,19,21,1.0,1.0,22,aless62,spw2123
177120,177120,53.15606,-27.58055,97.5321,407.1,547.9,15.87,0.01405,15,22,1.0,1.0,23,aless62,spw2123
177121,177121,53.15254,-27.58097,97.6415,509.1,534.2,15.7,0.009462,7,23,1.0,1.0,24,aless62,spw2123
177122,177122,53.15058,-27.58431,97.6571,565.9,424.8,15.66,0.014154,15,24,1.0,1.0,25,aless62,spw2123
177123,177123,53.15026,-27.58366,97.6571,575.4,446.2,15.19,0.012751,13,25,1.0,1.0,26,aless62,spw2123
177124,177124,53.15279,-27.57781,97.5164,501.9,637.6,14.88,0.014067,17,26,1.0,1.0,27,aless62,spw2123
177125,177125,53.1501,-27.58005,97.5164,579.9,564.2,14.37,0.011632,13,27,1.0,1.0,28,aless62,spw2123
177126,177126,53.15675,-27.58067,97.5164,387.1,544.1,13.96,0.009291,9,28,1.0,1.0,29,aless62,spw2123
177127,177127,53.15435,-27.57905,97.6571,456.5,597.2,13.81,0.008285,7,29,1.0,1.0,30,aless62,spw2123
177128,177128,53.15591,-27.58276,97.5164,411.5,475.8,13.78,0.007978,7,30,1.0,1.0,31,aless62,spw2123
177129,177129,53.1521,-27.58154,97.6883,521.8,515.7,13.78,0.013408,17,31,1.0,1.0,32,aless62,spw2123
177130,177130,53.15037,-27.58055,97.6727,572.0,548.1,13.62,0.011421,13,32,1.0,1.0,33,aless62,spw2123
177131,177131,53.15379,-27.58266,97.5946,473.1,478.8,13.33,0.004613,3,33,1.0,1.0,34,aless62,spw2123
177132,177132,53.14918,-27.58045,97.6883,606.7,551.4,12.95,0.011758,15,34,1.0,1.0,35,aless62,spw2123
177133,177133,53.15379,-27.58408,97.4852,473.0,432.5,12.53,0.011666,17,35,1.0,1.0,36,aless62,spw2123
177134,177134,53.14933,-27.58215,97.5008,602.3,495.6,12.5,0.010114,13,36,1.0,1.0,37,aless62,spw2123
177135,177135,53.15153,-27.58117,97.6883,538.5,527.6,12.16,0.0102,13,37,1.0,1.0,38,aless62,spw2123
177136,177136,53.15211,-27.58146,97.4696,521.8,518.3,11.91,0.011701,19,38,1.0,1.0,39,aless62,spw2123
177137,177137,53.15096,-27.58084,97.6883,554.9,538.6,11.3,0.008638,11,39,1.0,1.0,40,aless62,spw2123
177138,177138,53.15446,-27.58499,97.7352,453.6,402.7,11.2,0.011552,19,40,1.0,1.0,41,aless62,spw2123
177139,177139,53.14997,-27.58352,97.4852,583.8,450.8,10.88,0.008774,13,41,1.0,1.0,42,aless62,spw2123
177140,177140,53.15278,-27.58159,97.4539,502.3,513.8,10.67,0.010408,19,42,1.0,1.0,43,aless62,spw2123
177141,177141,53.15081,-27.57954,97.7509,559.4,581.1,10.04,0.010323,19,43,1.0,1.0,44,aless62,spw2123
177142,177142,53.15337,-27.58322,97.4383,485.0,460.8,9.52,0.009202,19,44,1.0,1.0,45,aless62,spw2123
177143,177143,53.15094,-27.58262,97.7665,555.5,480.2,8.91,0.009112,19,45,1.0,1.0,46,aless62,spw2123
177144,177144,53.14974,-27.58122,97.7509,590.3,526.1,7.77,0.007032,15,46,1.0,1.0,47,aless62,spw2123
177145,177145,53.15322,-27.5823,97.6883,489.5,490.6,6.31,0.002224,3,47,0.995,0.997,48,aless62,spw2123
177146,177146,53.15271,-27.58231,97.7977,504.2,490.4,6.01,0.006087,19,48,0.263,0.934,49,aless62,spw2123
177147,177147,53.15585,-27.5755,99.0323,413.2,713.4,5.74,0.003678,7,49,0.0,0.835,50,aless62,spw2123
177149,177149,53.15892,-27.57157,96.6257,324.1,841.8,5.64,0.003405,7,51,0.0,0.793,52,aless62,spw2123
177150,177150,53.15261,-27.57709,99.0166,507.3,661.4,5.53,0.003545,7,52,0.0,0.741,53,aless62,spw2123
177153,177153,53.15329,-27.58089,97.0789,487.4,536.9,5.38,0.004768,17,54,0.0,0.683,56,aless62,spw2123
177157,177157,53.15219,-27.59125,98.8916,519.3,197.9,5.3,0.003305,7,59,0.0,0.613,60,aless62,spw2123
186895,186895,53.21772,-27.59059,84.6876,514.4,514.3,10.18,0.007162,9,0,1.0,1.0,1,aless65,spw1719
186896,186896,53.21783,-27.5906,84.5782,511.2,513.9,7.36,0.007598,19,1,1.0,1.0,2,aless65,spw1719
186897,186897,53.2181,-27.58463,84.7813,503.5,709.2,6.12,0.003109,5,2,0.757,0.958,3,aless65,spw1719
186898,186898,53.23212,-27.59156,87.3129,96.9,482.6,5.8,0.003753,9,3,0.486,0.944,4,aless65,spw1719
186899,186899,53.21507,-27.60364,85.7189,591.5,87.1,5.72,0.003387,7,4,0.414,0.735,5,aless65,spw1719
186900,186900,53.20697,-27.5909,84.4688,826.3,504.0,5.72,0.005101,15,5,0.414,0.973,6,aless65,spw1719
186901,186901,53.21775,-27.5906,84.7969,513.6,513.9,5.71,0.005952,19,6,0.405,0.838,7,aless65,spw1719
186902,186902,53.21961,-27.59075,85.4689,459.7,509.2,5.63,0.005744,19,7,0.336,0.801,8,aless65,spw1719
186905,186905,53.21341,-27.58265,86.3128,639.4,774.2,5.43,0.003709,9,10,0.189,0.833,11,aless65,spw1719
186908,186908,53.23144,-27.58384,86.469,116.4,735.3,5.39,0.003491,9,13,0.166,0.815,14,aless65,spw1719
186912,186912,53.22573,-27.59623,86.6097,282.2,329.8,5.27,0.003802,11,17,0.106,0.76,18,aless65,spw1719
186915,186915,53.20671,-27.59649,85.7971,833.9,321.3,5.15,0.00385,11,20,0.064,0.683,21,aless65,spw1719
186921,186921,53.23078,-27.58966,84.7188,135.7,544.7,5.09,0.00355,9,26,0.049,0.653,27,aless65,spw1719
186922,186922,53.20594,-27.58197,85.6095,856.2,796.3,5.09,0.003835,11,27,0.049,0.641,28,aless65,spw1719
186924,186924,53.21679,-27.58998,87.3754,541.5,534.2,5.05,0.003297,9,29,0.04,0.628,30,aless65,spw1719
186925,186925,53.2239,-27.58014,85.6721,335.3,856.3,5.05,0.003375,9,30,0.04,0.628,31,aless65,spw1719
186929,186929,53.22389,-27.60122,84.3438,335.4,166.5,5.03,0.00342,9,34,0.036,0.615,35,aless65,spw1719
186938,186938,53.22464,-27.59456,85.1876,313.9,384.3,4.94,0.004731,15,43,0.023,0.659,44,aless65,spw1719
186945,186945,53.21001,-27.58661,85.8596,738.0,644.4,4.91,0.004083,15,52,0.019,0.637,51,aless65,spw1719
186959,186959,53.20887,-27.59168,87.1722,771.2,478.8,4.87,0.003995,15,64,0.015,0.608,65,aless65,spw1719
209386,209386,53.38699,-27.91523,85.297,399.2,101.0,6.14,0.004924,11,0,0.863,0.996,1,aless66,spw1719
209387,209387,53.39589,-27.9109,84.9219,141.7,242.7,6.05,0.003136,5,1,0.766,1.0,2,aless66,spw1719
209388,209388,53.39499,-27.91059,86.5784,167.8,252.9,5.86,0.001914,3,2,0.481,0.978,3,aless66,spw1719
209389,209389,53.37401,-27.90476,85.3126,774.6,443.6,5.66,0.002915,5,3,0.194,0.987,4,aless66,spw1719
209390,209390,53.38359,-27.9104,85.0938,497.5,259.3,5.64,0.006054,19,4,0.172,0.793,5,aless66,spw1719
209391,209391,53.37739,-27.90583,86.2659,676.8,408.6,5.52,0.002712,5,5,0.076,0.887,6,aless66,spw1719
209392,209392,53.37719,-27.90831,85.5783,682.5,327.6,5.5,0.002778,5,6,0.065,0.857,7,aless66,spw1719
209393,209393,53.38857,-27.91259,87.4691,353.5,187.5,5.42,0.002614,5,7,0.033,0.69,8,aless66,spw1719
209394,209394,53.38223,-27.90851,84.2187,536.9,321.1,5.38,0.00393,17,8,0.023,0.779,9,aless66,spw1719
209399,209399,53.38555,-27.89808,86.2971,440.7,662.3,5.27,0.00507,17,13,0.007,0.724,14,aless66,spw1719
209401,209401,53.38042,-27.90471,84.375,589.1,445.3,5.22,0.003075,7,15,0.004,0.817,16,aless66,spw1719
209406,209406,53.39014,-27.91038,86.0627,308.0,259.9,5.15,0.005043,17,20,0.002,0.656,21,aless66,spw1719
209408,209408,53.38762,-27.89345,86.6722,381.0,814.0,5.13,0.002747,7,22,0.001,0.746,23,aless66,spw1719
209410,209410,53.37148,-27.90384,87.4066,847.6,473.8,5.1,0.00449,15,24,0.001,0.656,25,aless66,spw1719
209411,209411,53.3814,-27.89096,86.5471,560.9,895.5,5.09,0.004548,17,25,0.001,0.62,26,aless66,spw1719
209412,209412,53.38076,-27.90982,84.625,579.5,278.3,5.09,0.004651,15,26,0.001,0.649,27,aless66,spw1719
209415,209415,53.3923,-27.9097,87.0159,245.6,282.0,5.08,0.002728,7,29,0.001,0.701,30,aless66,spw1719
209419,209419,53.3907,-27.89645,86.5471,291.8,715.7,5.03,0.002793,7,34,0.0,0.653,34,aless66,spw1719
209420,209420,53.39029,-27.90186,86.7503,303.7,538.7,5.03,0.002725,7,35,0.0,0.653,35,aless66,spw1719
209421,209421,53.3751,-27.91103,84.25,743.1,238.4,5.03,0.003023,7,32,0.0,0.653,36,aless66,spw1719
221994,221994,53.3857,-27.90539,97.3601,436.6,423.0,11.48,0.00642,7,0,1.0,1.0,1,aless66,spw2123
221995,221995,53.38384,-27.90375,97.3445,490.1,476.9,11.33,0.006412,7,1,1.0,1.0,2,aless66,spw2123
221996,221996,53.38587,-27.90331,97.3445,431.7,491.3,11.18,0.007273,9,2,1.0,1.0,3,aless66,spw2123
221997,221997,53.38268,-27.90063,97.3601,523.8,579.1,11.14,0.007205,9,3,1.0,1.0,4,aless66,spw2123
221998,221998,53.38333,-27.90276,97.3601,505.1,509.1,11.13,0.005102,5,4,1.0,1.0,5,aless66,spw2123
221999,221999,53.38385,-27.90473,97.3758,490.1,444.6,10.68,0.005931,7,5,1.0,1.0,6,aless66,spw2123
222000,222000,53.38401,-27.90232,97.3601,485.2,523.8,10.59,0.007666,11,6,1.0,1.0,7,aless66,spw2123
222001,222001,53.383,-27.90193,97.3758,514.4,536.5,10.58,0.00681,9,7,1.0,1.0,8,aless66,spw2123
222002,222002,53.38307,-27.90525,97.3289,512.7,427.6,10.25,0.008073,13,8,1.0,1.0,9,aless66,spw2123
222003,222003,53.38508,-27.90494,97.3758,454.5,437.8,10.23,0.004652,5,9,1.0,1.0,10,aless66,spw2123
222004,222004,53.38342,-27.90581,97.3445,502.5,409.5,10.12,0.00799,13,10,1.0,1.0,11,aless66,spw2123
222005,222005,53.38628,-27.90445,97.3758,419.6,453.9,10.1,0.007281,11,11,1.0,1.0,12,aless66,spw2123
222006,222006,53.38177,-27.89934,97.3133,550.0,621.0,9.67,0.008215,15,12,1.0,1.0,13,aless66,spw2123
222007,222007,53.38068,-27.90397,97.3133,581.7,469.5,9.55,0.004425,5,13,1.0,1.0,14,aless66,spw2123
222008,222008,53.38447,-27.90357,97.3289,472.1,482.8,9.5,0.003178,3,14,1.0,1.0,15,aless66,spw2123
222009,222009,53.38084,-27.90341,97.2976,577.0,487.8,9.3,0.007323,13,15,1.0,1.0,16,aless66,spw2123
222010,222010,53.38495,-27.9026,97.2976,458.0,514.5,9.3,0.00667,11,16,1.0,1.0,17,aless66,spw2123
222011,222011,53.38095,-27.90021,97.3133,574.0,592.8,9.22,0.008352,17,17,1.0,1.0,18,aless66,spw2123
222012,222012,53.37948,-27.90418,97.2976,616.3,462.6,9.12,0.00825,17,18,1.0,1.0,19,aless66,spw2123
222013,222013,53.38463,-27.89932,97.282,467.4,621.9,8.98,0.0081,17,19,1.0,1.0,20,aless66,spw2123
222014,222014,53.38109,-27.90284,97.3445,569.7,506.6,8.94,0.008102,17,20,1.0,1.0,21,aless66,spw2123
222015,222015,53.38594,-27.90232,97.3914,429.4,523.6,8.65,0.003937,5,21,1.0,1.0,22,aless66,spw2123
222016,222016,53.38247,-27.90306,97.282,529.8,499.5,8.27,0.005884,11,22,1.0,1.0,23,aless66,spw2123
222017,222017,53.38351,-27.90198,97.2508,499.8,534.8,7.95,0.007576,19,23,1.0,1.0,24,aless66,spw2123
222018,222018,53.3822,-27.90506,97.407,537.6,434.1,7.59,0.00484,9,24,1.0,1.0,25,aless66,spw2123
222019,222019,53.38346,-27.9027,97.2508,501.4,511.2,7.54,0.006777,17,25,1.0,1.0,26,aless66,spw2123
222020,222020,53.38516,-27.9025,97.4539,452.2,517.7,7.19,0.006977,19,26,1.0,1.0,27,aless66,spw2123
222021,222021,53.3833,-27.90338,97.2351,505.8,488.9,7.18,0.0068,19,27,1.0,1.0,28,aless66,spw2123
222022,222022,53.38487,-27.90343,97.4383,460.5,487.4,7.13,0.006479,17,28,1.0,1.0,29,aless66,spw2123
222023,222023,53.38499,-27.90411,97.4539,457.0,465.0,6.66,0.006059,17,29,0.998,1.0,30,aless66,spw2123
222024,222024,53.38387,-27.90304,97.4695,489.4,499.9,6.57,0.006387,19,30,0.994,1.0,31,aless66,spw2123
222025,222025,53.38224,-27.90378,97.2508,536.4,475.9,6.03,0.004256,11,31,0.585,0.987,32,aless66,spw2123
222026,222026,53.37815,-27.89742,97.7821,655.0,683.8,5.96,0.003592,7,32,0.468,0.857,33,aless66,spw2123
222027,222027,53.38379,-27.90189,97.4852,491.8,537.6,5.62,0.005468,19,33,0.066,0.988,34,aless66,spw2123
222033,222033,53.3721,-27.89862,98.4384,829.9,644.8,5.41,0.005073,17,39,0.008,0.696,40,aless66,spw2123
222037,222037,53.38298,-27.90244,98.454,515.1,519.6,5.33,0.004992,17,43,0.003,0.615,44,aless66,spw2123
231815,231815,53.22705,-28.02164,91.8228,810.0,356.7,5.34,0.004097,9,0,0.0,0.878,1,aless6,spw1719
231817,231817,53.2443,-28.01926,92.1041,311.9,434.4,5.26,0.003568,7,2,0.0,0.669,3,aless6,spw1719
231818,231818,53.24386,-28.02784,91.3227,324.5,153.6,5.26,0.004762,13,3,0.0,0.727,4,aless6,spw1719
231820,231820,53.22638,-28.01861,91.8384,829.5,455.8,5.22,0.003979,9,5,0.0,0.805,6,aless6,spw1719
231823,231823,53.23726,-28.01979,91.2602,515.2,417.2,5.15,0.004695,13,8,0.0,0.61,9,aless6,spw1719
231824,231824,53.24328,-28.01282,90.1976,341.3,645.3,5.15,0.0056,15,9,0.0,0.858,10,aless6,spw1719
231828,231828,53.24463,-28.0155,90.5257,302.1,557.4,5.08,0.005544,15,13,0.0,0.829,14,aless6,spw1719
231830,231830,53.23487,-28.02791,91.8384,584.1,151.5,5.07,0.003867,9,15,0.0,0.683,16,aless6,spw1719
231832,231832,53.25101,-28.01332,92.6197,117.7,628.8,5.05,0.00408,9,16,0.0,0.665,18,aless6,spw1719
231834,231834,53.2436,-28.02118,91.3071,332.0,371.7,5.04,0.003751,9,19,0.0,0.656,20,aless6,spw1719
231838,231838,53.24922,-28.02351,91.0883,169.5,295.4,5.0,0.003816,9,22,0.0,0.618,24,aless6,spw1719
231846,231846,53.22821,-28.01689,91.3227,776.7,512.0,4.94,0.004845,15,31,0.0,0.762,32,aless6,spw1719
231871,231871,53.24002,-28.0261,91.854,435.3,210.6,4.82,0.004849,15,56,0.0,0.695,57,aless6,spw1719
231873,231873,53.22715,-28.02071,91.4165,807.1,387.1,4.82,0.004658,15,58,0.0,0.695,59,aless6,spw1719
240460,240460,53.23729,-28.01693,103.6325,514.3,510.9,14.71,0.020075,19,0,1.0,1.0,1,aless6,spw2123
240461,240461,53.2373,-28.01688,103.5231,513.9,512.4,11.34,0.015151,19,1,1.0,1.0,2,aless6,spw2123
240462,240462,53.23728,-28.01691,103.7419,514.6,511.5,9.9,0.013449,19,2,1.0,1.0,3,aless6,spw2123
240463,240463,53.23732,-28.01691,103.4137,513.5,511.4,7.19,0.009729,19,3,0.997,1.0,4,aless6,spw2123
240464,240464,53.243,-28.02514,103.2731,349.3,242.1,5.68,0.006697,15,4,0.533,0.97,5,aless6,spw2123
240465,240465,53.23695,-28.00511,101.3666,524.2,897.6,5.64,0.005917,13,5,0.505,0.799,6,aless6,spw2123
240466,240466,53.24386,-28.02656,104.6326,324.3,195.6,5.56,0.005424,11,6,0.448,0.794,7,aless6,spw2123
240467,240467,53.23725,-28.01692,103.8513,515.5,511.1,5.55,0.007537,19,7,0.44,0.819,8,aless6,spw2123
240468,240468,53.25003,-28.01405,101.851,146.2,604.8,5.45,0.00442,9,8,0.371,0.792,9,aless6,spw2123
240469,240469,53.23974,-28.02805,102.9605,443.6,146.7,5.36,0.001869,15,9,0.312,0.85,10,aless6,spw2123
240470,240470,53.23974,-28.02805,102.9293,443.6,146.7,5.36,0.001869,19,10,0.312,0.691,11,aless6,spw2123
240473,240473,53.22483,-28.01949,104.2419,874.3,427.0,5.22,0.004601,9,13,0.229,0.607,14,aless6,spw2123
240474,240474,53.23994,-28.02748,103.2106,437.8,165.3,5.21,0.006588,17,14,0.224,0.669,15,aless6,spw2123
240478,240478,53.23878,-28.02045,101.3509,471.1,395.5,5.13,0.003838,7,18,0.184,0.606,19,aless6,spw2123
240481,240481,53.24622,-28.01198,103.1949,256.4,672.8,5.1,0.006063,15,21,0.17,0.638,22,aless6,spw2123
250156,250156,53.27353,-27.55791,97.9448,194.1,169.7,13.61,0.019295,11,0,1.0,1.0,1,aless71,allspw
250157,250157,53.27351,-27.55791,98.0542,194.4,169.7,10.23,0.017474,19,1,1.0,1.0,2,aless71,allspw
250158,250158,53.27359,-27.55795,97.8354,193.5,169.1,10.16,0.018476,19,2,1.0,1.0,3,aless71,allspw
250159,250159,53.2873,-27.56333,99.0386,18.4,91.6,6.09,0.006478,15,3,0.999,1.0,4,aless71,allspw
250160,250160,53.26114,-27.54501,99.8198,352.4,355.4,5.93,0.008549,13,4,0.947,0.997,5,aless71,allspw
250161,250161,53.27369,-27.558,97.7261,192.2,168.4,5.83,0.009995,19,5,0.732,1.0,6,aless71,allspw
250163,250163,53.27247,-27.55794,86.7415,207.8,169.3,5.28,0.008738,19,7,0.0,0.877,8,aless71,allspw
250164,250164,53.28405,-27.5493,88.5541,59.9,293.6,5.22,0.008153,15,8,0.0,0.973,9,aless71,allspw
250165,250165,53.28587,-27.55572,88.0228,36.6,201.2,5.21,0.005973,9,9,0.0,0.726,10,aless71,allspw
250166,250166,53.28758,-27.55571,97.4604,14.9,201.3,5.18,0.00576,9,10,0.0,0.694,11,aless71,allspw
250167,250167,53.28047,-27.56356,99.4605,105.7,88.4,5.17,0.009128,19,11,0.0,0.685,12,aless71,allspw
250170,250170,53.27934,-27.56739,97.8042,120.0,33.1,5.08,0.007866,15,14,0.0,0.924,15,aless71,allspw
250176,250176,53.26159,-27.55141,86.7103,346.7,263.2,5.0,0.006802,13,20,0.0,0.74,21,aless71,allspw
250179,250179,53.27309,-27.56418,100.3511,199.7,79.4,4.97,0.007518,13,23,0.0,0.718,24,aless71,allspw
250181,250181,53.27239,-27.54516,98.9761,208.8,353.3,4.94,0.006261,13,25,0.0,0.696,26,aless71,allspw
250184,250184,53.27788,-27.55511,87.5697,138.6,210.0,4.93,0.007034,13,28,0.0,0.688,29,aless71,allspw
250185,250185,53.28461,-27.55839,88.2728,52.7,162.8,4.93,0.006458,13,26,0.0,0.688,30,aless71,allspw
260394,260394,52.86326,-27.93091,97.3475,178.9,197.6,27.3,0.016376,13,0,1.0,1.0,1,aless75,allspw
260395,260395,52.8633,-27.93093,97.2381,178.4,197.2,21.7,0.013495,19,1,1.0,1.0,2,aless75,allspw
260396,260396,52.86321,-27.93089,97.4569,179.5,197.8,21.22,0.013288,19,2,1.0,1.0,3,aless75,allspw
260397,260397,52.85311,-27.92791,98.6757,308.0,240.7,7.72,0.00146,3,3,1.0,1.0,4,aless75,allspw
260398,260398,52.86321,-27.93084,97.5663,179.5,198.6,7.28,0.003839,19,4,1.0,1.0,5,aless75,allspw
260399,260399,52.87407,-27.94175,88.363,41.4,41.3,5.58,0.001813,7,5,0.234,0.905,6,aless75,allspw
260400,260400,52.86751,-27.92594,85.8785,124.9,269.1,5.41,0.00264,15,7,0.126,0.681,7,aless75,allspw
260401,260401,52.86101,-27.92024,85.5191,207.5,351.2,5.41,0.001829,7,6,0.126,0.81,8,aless75,allspw
260402,260402,52.87409,-27.94175,88.4723,41.1,41.3,5.4,0.001751,19,8,0.121,0.765,9,aless75,allspw
260405,260405,52.86335,-27.93096,97.1288,177.8,196.8,5.32,0.002879,19,11,0.086,0.677,12,aless75,allspw
260406,260406,52.85882,-27.92641,86.3629,235.5,262.2,5.32,0.002631,17,12,0.086,0.761,13,aless75,allspw
260407,260407,52.85962,-27.93815,99.8163,225.2,93.2,5.28,0.001778,7,13,0.071,0.709,14,aless75,allspw
260413,260413,52.86484,-27.93212,86.2692,158.8,180.1,5.17,0.001849,9,19,0.041,0.709,20,aless75,allspw
270082,270082,53.21193,-27.52823,104.3276,192.3,198.9,12.16,0.009057,17,0,1.0,1.0,1,aless87,allspw
270083,270083,53.21193,-27.52824,104.437,192.3,198.7,10.63,0.008106,19,1,1.0,1.0,2,aless87,allspw
270084,270084,53.21194,-27.52823,104.2183,192.2,199.0,8.38,0.006552,19,2,1.0,1.0,3,aless87,allspw
270085,270085,53.21853,-27.5303,104.3276,108.0,169.1,8.25,0.004878,11,3,1.0,1.0,4,aless87,allspw
270086,270086,53.21192,-27.52826,104.5464,192.4,198.4,6.26,0.004428,19,4,0.959,1.0,5,aless87,allspw
270087,270087,53.22187,-27.52556,103.8901,65.4,237.4,5.83,0.003181,13,5,0.683,0.886,6,aless87,allspw
270088,270088,53.21847,-27.53028,104.437,108.8,169.4,5.82,0.004443,19,6,0.673,0.992,7,aless87,allspw
270089,270089,53.21537,-27.53949,93.343,148.3,36.7,5.64,0.001876,5,7,0.468,0.99,8,aless87,allspw
270090,270090,53.22176,-27.52386,93.3743,66.7,261.8,5.62,0.003353,15,8,0.445,0.89,9,aless87,allspw
270091,270091,53.2035,-27.52034,104.3276,300.0,312.5,5.61,0.004428,19,9,0.434,0.971,10,aless87,allspw
270092,270092,53.22197,-27.5417,95.0774,64.0,4.9,5.52,0.001917,5,10,0.333,0.932,11,aless87,allspw
270093,270093,53.22336,-27.54063,104.812,46.3,20.4,5.51,0.002304,7,11,0.323,0.81,12,aless87,allspw
270095,270095,53.21774,-27.5366,93.8743,118.1,78.3,5.46,0.001877,5,13,0.272,0.858,14,aless87,allspw
270097,270097,53.20493,-27.53814,107.3902,281.7,56.2,5.39,0.000549,5,15,0.208,0.721,16,aless87,allspw
270099,270099,53.21101,-27.52126,93.2805,204.1,299.2,5.22,0.002773,11,17,0.095,0.738,18,aless87,allspw
270102,270102,53.20814,-27.51839,104.8901,240.7,340.6,5.16,0.002735,11,20,0.069,0.711,21,aless87,allspw
270104,270104,53.21249,-27.53671,92.0305,185.1,76.8,5.11,0.003477,19,22,0.051,0.752,23,aless87,allspw
270106,270106,53.21478,-27.52878,105.1402,155.9,191.0,5.02,0.003753,19,24,0.029,0.678,25,aless87,allspw
270108,270108,53.21045,-27.53662,94.9837,211.2,78.1,4.99,0.002785,11,29,0.024,0.627,27,aless87,allspw
280486,280486,52.97392,-27.89412,90.8539,636.1,537.2,6.21,0.002677,5,0,0.876,0.94,1,aless88,spw1719
280487,280487,52.97211,-27.89886,91.0258,688.4,381.9,5.53,0.003048,9,1,0.026,0.915,2,aless88,spw1719
280488,280488,52.9688,-27.90189,92.3541,784.1,283.0,5.44,0.001595,3,2,0.009,0.658,3,aless88,spw1719
280489,280489,52.9779,-27.89069,89.9632,521.1,649.3,5.43,0.00177,3,3,0.008,0.652,4,aless88,spw1719
280490,280490,52.973,-27.90035,90.932,662.7,333.2,5.41,0.003147,9,4,0.006,0.865,5,aless88,spw1719
280491,280491,52.97637,-27.89955,91.5259,565.3,359.4,5.38,0.003142,11,5,0.004,0.782,6,aless88,spw1719
280492,280492,52.9894,-27.90233,91.1039,188.4,268.4,5.35,0.001502,3,6,0.003,0.601,7,aless88,spw1719
280493,280493,52.97607,-27.89341,90.0101,573.9,560.5,5.3,0.003293,9,7,0.001,0.804,8,aless88,spw1719
280494,280494,52.97751,-27.88785,92.6198,532.2,742.4,5.21,0.003662,15,8,0.0,0.891,9,aless88,spw1719
280496,280496,52.97506,-27.89573,92.0572,603.2,484.4,5.2,0.00287,9,10,0.0,0.737,11,aless88,spw1719
280497,280497,52.97057,-27.89554,91.9165,732.9,490.5,5.19,0.00278,9,11,0.0,0.729,12,aless88,spw1719
280498,280498,52.96647,-27.89407,92.5572,851.7,538.8,5.15,0.003892,15,12,0.0,0.851,13,aless88,spw1719
280504,280504,52.98133,-27.90232,90.932,421.7,268.7,5.09,0.003881,15,18,0.0,0.803,19,aless88,spw1719
280505,280505,52.98096,-27.904,90.7601,432.3,213.7,5.08,0.00303,9,19,0.0,0.642,20,aless88,spw1719
280512,280512,52.97908,-27.89974,90.2132,486.8,353.1,4.98,0.003994,15,26,0.0,0.693,27,aless88,spw1719
280518,280518,52.98921,-27.88925,90.9477,193.7,696.4,4.94,0.003736,15,32,0.0,0.647,33,aless88,spw1719
280519,280519,52.98946,-27.90305,92.651,186.6,244.8,4.93,0.003175,15,33,0.0,0.636,34,aless88,spw1719
289223,289223,52.97842,-27.89482,104.4607,506.0,514.1,10.89,0.010594,19,0,1.0,1.0,1,aless88,spw2123
289224,289224,52.97844,-27.89477,104.5701,505.4,515.8,9.35,0.007983,15,1,1.0,1.0,2,aless88,spw2123
289225,289225,52.97827,-27.89489,104.3513,510.1,511.9,8.95,0.004064,5,2,1.0,1.0,3,aless88,spw2123
289226,289226,52.97895,-27.89348,104.0857,490.7,558.1,6.49,0.00474,11,3,0.941,0.997,4,aless88,spw2123
289227,289227,52.97189,-27.90284,102.5542,694.8,251.8,6.05,0.003313,7,4,0.788,0.943,5,aless88,spw2123
289228,289228,52.97819,-27.89475,104.6795,512.5,516.4,5.93,0.005076,19,5,0.724,0.998,6,aless88,spw2123
289229,289229,52.97703,-27.88637,102.2573,546.0,790.8,5.73,0.005044,19,6,0.598,0.99,7,aless88,spw2123
289230,289230,52.98011,-27.8939,104.0232,457.0,544.4,5.65,0.005278,17,7,0.544,0.859,8,aless88,spw2123
289231,289231,52.97981,-27.89583,102.2417,465.6,481.1,5.58,0.004334,15,8,0.496,1.0,9,aless88,spw2123
289232,289232,52.97768,-27.89814,103.2418,527.4,405.6,5.54,0.004711,15,9,0.468,1.0,10,aless88,spw2123
289233,289233,52.98146,-27.90417,104.1013,418.0,208.1,5.49,0.003116,7,10,0.434,0.603,11,aless88,spw2123
289234,289234,52.96955,-27.89312,101.9917,762.4,569.7,5.47,0.00312,9,11,0.42,0.743,12,aless88,spw2123
289235,289235,52.97932,-27.89568,102.0229,479.8,485.9,5.43,0.002209,5,12,0.394,0.616,13,aless88,spw2123
289239,289239,52.97919,-27.89513,103.1793,483.6,504.2,5.32,0.004824,17,16,0.323,0.713,17,aless88,spw2123
289240,289240,52.97731,-27.88732,102.2261,538.0,759.7,5.3,0.004382,17,17,0.311,0.702,18,aless88,spw2123
289243,289243,52.98446,-27.90587,101.2416,331.3,152.5,5.29,0.003164,9,18,0.305,0.616,21,aless88,spw2123
289247,289247,52.98551,-27.88814,101.3822,300.8,733.0,5.19,0.004841,19,24,0.247,0.765,25,aless88,spw2123
289248,289248,52.97858,-27.88649,102.2261,501.2,786.7,5.19,0.00456,19,25,0.247,0.765,26,aless88,spw2123
289251,289251,52.97637,-27.90223,104.2576,565.1,271.7,5.18,0.003953,13,28,0.242,0.63,29,aless88,spw2123
289252,289252,52.97256,-27.89373,102.0854,675.5,549.8,5.18,0.003646,13,27,0.242,0.63,30,aless88,spw2123
289254,289254,52.97662,-27.88743,102.2417,558.1,756.1,5.17,0.00372,13,31,0.236,0.624,32,aless88,spw2123
289255,289255,52.97818,-27.89486,104.2419,512.7,512.9,5.16,0.004819,19,32,0.231,0.737,33,aless88,spw2123
289256,289256,52.97212,-27.90262,102.898,688.0,259.1,5.15,0.000724,17,33,0.226,0.617,34,aless88,spw2123
289259,289259,52.9844,-27.89562,102.0073,333.0,488.1,5.15,0.003572,13,36,0.226,0.613,37,aless88,spw2123
289260,289260,52.98934,-27.89932,104.5857,190.1,367.0,5.14,0.004073,13,38,0.221,0.608,38,aless88,spw2123
289268,289268,52.97809,-27.89817,104.2107,515.5,404.5,5.07,0.004761,19,45,0.186,0.642,46,aless88,spw2123
289269,289269,52.98617,-27.89156,101.9604,281.7,620.9,5.05,0.004317,19,46,0.177,0.62,47,aless88,spw2123
289270,289270,52.99295,-27.89555,102.6792,85.6,490.3,5.04,0.0043,19,49,0.173,0.608,48,aless88,spw2123
289280,289280,52.9809,-27.89405,104.5857,434.1,539.4,4.96,0.003596,11,57,0.14,0.693,58,aless88,spw2123
289282,289282,52.97746,-27.88562,101.5541,533.7,815.2,4.95,0.003301,11,59,0.136,0.688,60,aless88,spw2123
289283,289283,52.99159,-27.89266,103.6169,125.1,585.1,4.95,0.003481,11,60,0.136,0.688,61,aless88,spw2123
289288,289288,52.97712,-27.90205,103.3512,543.5,277.5,4.91,0.003466,11,65,0.122,0.667,66,aless88,spw2123
289310,289310,52.97814,-27.90178,102.2417,514.1,286.5,4.82,0.003167,11,87,0.093,0.617,88,aless88,spw2123
289323,289323,52.97286,-27.88762,103.6481,666.6,749.8,4.8,0.003348,11,99,0.087,0.606,101,aless88,spw2123
299593,299593,52.86647,-27.96126,86.6878,749.6,351.3,6.02,0.004615,13,0,0.601,0.881,1,aless98,spw1719
299594,299594,52.88477,-27.95984,85.6564,220.7,397.7,5.79,0.004033,9,1,0.039,0.854,2,aless98,spw1719
299595,299595,52.88459,-27.94646,84.4531,225.8,835.4,5.56,0.003324,7,2,0.0,0.713,3,aless98,spw1719
299596,299596,52.87167,-27.9447,87.516,599.4,893.0,5.53,0.003259,7,3,0.0,0.69,4,aless98,spw1719
299598,299598,52.86254,-27.95116,85.4689,863.1,681.9,5.42,0.004959,15,5,0.0,0.966,6,aless98,spw1719
299599,299599,52.88117,-27.95952,85.2345,324.8,408.1,5.41,0.002766,5,6,0.0,0.637,7,aless98,spw1719
299601,299601,52.85997,-27.95949,85.4376,937.4,409.2,5.38,0.0027,5,8,0.0,0.619,9,aless98,spw1719
299605,299605,52.86127,-27.96163,85.9533,899.9,339.1,5.34,0.004555,15,12,0.0,0.947,13,aless98,spw1719
299607,299607,52.88772,-27.9487,85.6564,135.3,762.1,5.26,0.005066,17,14,0.0,0.911,15,aless98,spw1719
299613,299613,52.87222,-27.94843,85.7658,583.5,771.3,5.12,0.004949,17,22,0.0,0.851,21,aless98,spw1719
299616,299616,52.87465,-27.9511,85.3126,513.2,683.6,5.11,0.004658,15,23,0.0,0.846,24,aless98,spw1719
299618,299618,52.88244,-27.95934,85.4533,287.9,414.1,5.1,0.005006,17,25,0.0,0.841,26,aless98,spw1719
299620,299620,52.86566,-27.95478,85.7502,773.1,563.2,5.09,0.004938,17,27,0.0,0.836,28,aless98,spw1719
299633,299633,52.88475,-27.96051,87.1722,221.2,375.7,4.98,0.004141,15,40,0.0,0.753,41,aless98,spw1719
299648,299648,52.86884,-27.95495,85.0938,681.1,557.6,4.92,0.004766,15,55,0.0,0.701,56,aless98,spw1719
299665,299665,52.87112,-27.94924,84.25,615.2,744.6,4.86,0.004235,17,73,0.0,0.685,73,aless98,spw1719
299689,299689,52.86838,-27.9676,87.2191,694.2,143.7,4.81,0.00435,17,96,0.0,0.646,97,aless98,spw1719
299704,299704,52.86747,-27.95344,85.5627,720.5,607.1,4.78,0.004628,17,111,0.0,0.622,112,aless98,spw1719
312250,312250,52.87407,-27.95517,97.1101,530.0,550.5,25.15,0.023253,15,0,1.0,1.0,1,aless98,spw2123
312251,312251,52.87836,-27.95448,97.1258,406.0,573.2,25.02,0.024697,17,1,1.0,1.0,2,aless98,spw2123
312252,312252,52.87426,-27.95636,97.1258,524.5,511.7,25.02,0.023064,15,2,1.0,1.0,3,aless98,spw2123
312253,312253,52.87636,-27.95453,97.1258,463.7,571.5,24.42,0.025375,19,3,1.0,1.0,4,aless98,spw2123
312254,312254,52.87357,-27.95435,97.0945,544.4,577.5,24.34,0.023947,17,4,1.0,1.0,5,aless98,spw2123
312255,312255,52.87607,-27.95811,97.1101,472.1,454.2,24.34,0.025389,19,5,1.0,1.0,6,aless98,spw2123
312256,312256,52.87482,-27.95409,97.1414,508.3,586.0,24.2,0.023581,17,6,1.0,1.0,7,aless98,spw2123
312257,312257,52.87215,-27.95398,97.0945,585.5,589.6,23.78,0.02482,19,7,1.0,1.0,8,aless98,spw2123
312258,312258,52.87298,-27.95474,97.157,561.4,564.6,23.05,0.022146,17,8,1.0,1.0,9,aless98,spw2123
312259,312259,52.87485,-27.95581,97.157,507.5,529.5,22.94,0.020562,15,9,1.0,1.0,10,aless98,spw2123
312260,312260,52.87441,-27.95454,97.0789,520.1,571.0,22.19,0.016987,11,10,1.0,1.0,11,aless98,spw2123
312261,312261,52.87576,-27.95669,97.1414,481.1,500.9,21.71,0.014622,9,11,1.0,1.0,12,aless98,spw2123
312262,312262,52.87224,-27.95686,97.0633,582.9,495.2,21.7,0.022367,19,12,1.0,1.0,13,aless98,spw2123
312263,312263,52.87261,-27.95923,97.1883,572.0,417.7,21.1,0.02106,19,13,1.0,1.0,14,aless98,spw2123
312264,312264,52.86976,-27.95758,97.0789,654.5,471.5,21.01,0.014305,9,14,1.0,1.0,15,aless98,spw2123
312265,312265,52.87411,-27.95883,97.1883,528.8,430.6,20.75,0.019485,17,15,1.0,1.0,16,aless98,spw2123
312266,312266,52.87188,-27.95883,97.0476,593.1,430.9,20.45,0.013976,9,16,1.0,1.0,17,aless98,spw2123
312267,312267,52.87382,-27.95682,97.1883,537.0,496.6,20.44,0.017865,15,17,1.0,1.0,18,aless98,spw2123
312268,312268,52.87311,-27.9582,97.0476,557.5,451.3,20.2,0.011968,7,18,1.0,1.0,19,aless98,spw2123
312269,312269,52.87318,-27.95376,97.1726,555.6,596.7,20.06,0.013453,9,19,1.0,1.0,20,aless98,spw2123
312270,312270,52.87624,-27.95555,97.2039,467.0,538.0,20.02,0.019754,19,20,1.0,1.0,21,aless98,spw2123
312271,312271,52.87541,-27.95621,97.0476,491.3,516.6,19.88,0.015092,11,21,1.0,1.0,22,aless98,spw2123
312272,312272,52.87239,-27.95591,97.0789,578.3,526.5,19.63,0.011513,7,22,1.0,1.0,23,aless98,spw2123
312273,312273,52.87332,-27.9588,97.2039,551.5,431.8,19.54,0.018095,17,23,1.0,1.0,24,aless98,spw2123
312274,312274,52.87408,-27.95582,97.0476,529.6,529.3,19.52,0.017481,15,24,1.0,1.0,25,aless98,spw2123
312275,312275,52.87311,-27.95748,97.1414,557.5,475.0,19.03,0.010998,7,25,1.0,1.0,26,aless98,spw2123
312276,312276,52.87558,-27.95602,97.1883,486.3,522.7,18.69,0.012436,9,26,1.0,1.0,27,aless98,spw2123
312277,312277,52.86784,-27.95556,97.1883,709.9,537.9,18.65,0.010846,7,27,1.0,1.0,28,aless98,spw2123
312278,312278,52.87658,-27.95586,97.032,457.3,528.0,18.43,0.013958,11,28,1.0,1.0,29,aless98,spw2123
312279,312279,52.87,-27.95691,97.0789,647.6,493.7,18.11,0.008669,5,29,1.0,1.0,30,aless98,spw2123
312280,312280,52.87494,-27.95674,97.032,504.6,499.2,17.3,0.008344,5,30,1.0,1.0,31,aless98,spw2123
312281,312281,52.87563,-27.95467,97.2039,484.9,566.8,17.25,0.012618,11,31,1.0,1.0,32,aless98,spw2123
312282,312282,52.87224,-27.95484,97.0164,582.9,561.5,16.87,0.015016,15,32,1.0,1.0,33,aless98,spw2123
312283,312283,52.87468,-27.95616,97.0164,512.2,518.1,16.79,0.013854,13,33,1.0,1.0,34,aless98,spw2123
312284,312284,52.87958,-27.96106,97.2195,370.7,357.9,16.69,0.014291,15,34,1.0,1.0,35,aless98,spw2123
312285,312285,52.87418,-27.95661,97.0164,526.8,503.3,16.53,0.012425,11,35,1.0,1.0,36,aless98,spw2123
312286,312286,52.87836,-27.95622,97.2195,405.9,516.2,15.79,0.012556,13,36,1.0,1.0,37,aless98,spw2123
312287,312287,52.87476,-27.95671,97.1414,510.0,500.1,15.53,0.007291,5,37,1.0,1.0,38,aless98,spw2123
312288,312288,52.86943,-27.96016,97.032,664.1,387.3,15.48,0.005361,3,38,1.0,1.0,39,aless98,spw2123
312289,312289,52.87456,-27.95747,97.0164,515.6,475.3,15.36,0.008947,7,39,1.0,1.0,40,aless98,spw2123
312290,312290,52.87713,-27.95676,97.2351,441.5,498.5,15.13,0.012854,15,40,1.0,1.0,41,aless98,spw2123
312291,312291,52.87686,-27.9552,97.1726,449.2,549.6,14.8,0.005055,3,41,1.0,1.0,42,aless98,spw2123
312292,312292,52.87501,-27.96029,97.2508,502.9,383.1,14.04,0.011867,15,42,1.0,1.0,43,aless98,spw2123
312293,312293,52.87479,-27.95346,97.2664,509.0,606.4,13.77,0.01314,19,43,1.0,1.0,44,aless98,spw2123
312294,312294,52.87353,-27.95595,97.157,545.4,525.1,13.24,0.004483,3,44,1.0,1.0,45,aless98,spw2123
312295,312295,52.87464,-27.9565,97.2664,513.3,507.1,13.22,0.011882,17,45,1.0,1.0,46,aless98,spw2123
312296,312296,52.87158,-27.95278,96.9539,601.8,628.7,13.18,0.013119,19,46,1.0,1.0,47,aless98,spw2123
312297,312297,52.87517,-27.9578,97.2664,498.2,464.6,12.71,0.010705,15,47,1.0,1.0,48,aless98,spw2123
312298,312298,52.88035,-27.95569,97.2508,348.5,533.6,12.28,0.008815,11,48,1.0,1.0,49,aless98,spw2123
312299,312299,52.87164,-27.95543,97.1258,600.3,542.1,11.8,0.003969,3,49,1.0,1.0,50,aless98,spw2123
312300,312300,52.87496,-27.95591,97.2977,504.2,526.2,10.61,0.009496,17,50,1.0,1.0,51,aless98,spw2123
312301,312301,52.87612,-27.95539,96.9539,470.6,543.4,10.57,0.009243,15,51,1.0,1.0,52,aless98,spw2123
312302,312302,52.87288,-27.95674,97.2351,564.3,499.2,10.43,0.00347,3,52,1.0,1.0,53,aless98,spw2123
312303,312303,52.87705,-27.95925,97.2664,443.8,417.0,10.15,0.00721,11,53,1.0,1.0,54,aless98,spw2123
312304,312304,52.87518,-27.95718,97.3133,497.9,484.9,10.06,0.009506,19,54,1.0,1.0,55,aless98,spw2123
312305,312305,52.87615,-27.9538,96.9226,469.8,595.2,9.7,0.009628,19,55,1.0,1.0,56,aless98,spw2123
312306,312306,52.87292,-27.95557,97.2977,563.3,537.3,9.24,0.007727,15,56,1.0,1.0,57,aless98,spw2123
312307,312307,52.87416,-27.95781,97.3289,527.4,464.1,8.33,0.007848,19,57,1.0,1.0,58,aless98,spw2123
312308,312308,52.87531,-27.95516,96.9695,493.9,550.8,8.33,0.005521,9,58,1.0,1.0,59,aless98,spw2123
312309,312309,52.87373,-27.95562,96.907,539.6,535.8,7.88,0.007812,19,59,1.0,1.0,60,aless98,spw2123
312310,312310,52.87527,-27.95643,96.9226,495.1,509.4,7.07,0.006153,15,60,1.0,1.0,61,aless98,spw2123
312311,312311,52.8759,-27.95555,97.3445,476.8,538.0,6.73,0.006337,19,61,1.0,1.0,62,aless98,spw2123
312312,312312,52.87533,-27.95823,96.8914,493.3,450.5,6.07,0.005988,19,62,0.555,0.993,63,aless98,spw2123
312313,312313,52.87416,-27.95722,97.2977,527.4,483.4,5.6,0.003061,7,63,0.0,0.789,64,aless98,spw2123
312314,312314,52.87922,-27.96396,98.0165,381.0,262.8,5.58,0.001877,3,64,0.0,0.645,65,aless98,spw2123
312320,312320,52.87669,-27.95688,97.6883,454.1,494.5,5.34,0.005472,19,70,0.0,0.766,71,aless98,spw2123
312322,312322,52.87472,-27.95679,97.5321,511.2,497.5,5.32,0.005166,19,72,0.0,0.751,73,aless98,spw2123
312323,312323,52.87342,-27.96673,97.5164,548.8,172.2,5.31,0.005164,19,73,0.0,0.743,74,aless98,spw2123
312329,312329,52.87843,-27.96649,98.2353,403.9,180.1,5.23,0.004334,13,79,0.0,0.679,80,aless98,spw2123
312331,312331,52.86734,-27.9614,97.6727,724.6,346.7,5.19,0.005292,19,82,0.0,0.643,82,aless98,spw2123
312332,312332,52.87636,-27.95697,97.5477,463.7,491.7,5.19,0.005046,19,81,0.0,0.643,83,aless98,spw2123
312341,312341,52.87445,-27.95535,96.6413,518.8,544.6,5.09,0.004366,13,92,0.0,0.614,92,aless98,spw2123
312344,312344,52.86354,-27.95962,97.8133,834.2,405.0,5.07,0.004246,13,94,0.0,0.604,95,aless98,spw2123
322057,322057,34.32117,-5.55735,96.1085,176.9,196.3,28.36,0.024839,7,0,1.0,1.0,1,uds306,allspw
322058,322058,34.32115,-5.55737,95.9991,177.3,196.1,25.57,0.032723,19,1,1.0,1.0,2,uds306,allspw
322059,322059,34.32115,-5.55735,96.2179,177.2,196.3,22.78,0.026677,19,2,1.0,1.0,3,uds306,allspw
322060,322060,34.32154,-5.559,95.7023,171.7,172.7,15.88,0.012694,11,3,1.0,1.0,4,uds306,allspw
322061,322061,34.32154,-5.55899,95.5929,171.7,172.7,11.88,0.010914,19,4,1.0,1.0,5,uds306,allspw
322062,322062,34.3211,-5.55741,95.8898,178.0,195.5,11.55,0.010027,19,5,1.0,1.0,6,uds306,allspw
322063,322063,34.32125,-5.55875,95.8116,175.8,176.1,10.73,0.009902,19,6,1.0,1.0,7,uds306,allspw
322064,322064,34.31988,-5.5491,96.0773,195.4,315.1,6.46,0.00539,7,7,0.875,1.0,8,uds306,allspw
322065,322065,34.32243,-5.56565,96.0148,158.9,76.8,6.3,0.007791,17,8,0.828,1.0,9,uds306,allspw
322066,322066,34.32879,-5.55818,93.4522,67.8,184.4,5.59,0.004938,19,9,0.512,1.0,10,uds306,allspw
322067,322067,34.32282,-5.54658,105.2182,153.3,351.5,5.51,0.002539,5,10,0.471,0.721,11,uds306,allspw
322068,322068,34.32453,-5.55065,93.5303,128.7,292.9,5.45,0.001727,3,11,0.44,0.709,12,uds306,allspw
322069,322069,34.32283,-5.54658,105.0932,153.2,351.4,5.44,0.002504,19,12,0.435,0.96,13,uds306,allspw
322070,322070,34.32429,-5.56667,107.4526,132.3,62.1,5.43,0.00302,7,13,0.43,0.999,14,uds306,allspw
322071,322071,34.32955,-5.55327,94.5929,56.8,255.1,5.43,0.002716,7,14,0.43,0.999,15,uds306,allspw
322072,322072,34.3158,-5.56458,94.296,253.9,92.2,5.41,0.003822,13,15,0.42,0.72,16,uds306,allspw
322073,322073,34.31659,-5.56558,93.7334,242.6,77.9,5.37,0.001694,3,16,0.4,0.666,17,uds306,allspw
322074,322074,34.31463,-5.54681,106.4214,270.7,348.1,5.33,0.003986,13,17,0.38,0.672,18,uds306,allspw
322075,322075,34.32216,-5.57008,105.3432,162.8,13.0,5.33,0.001766,3,18,0.38,0.644,19,uds306,allspw
322078,322078,34.30951,-5.54858,106.7495,344.0,322.7,5.3,0.004191,13,21,0.365,0.653,22,uds306,allspw
322079,322079,34.32243,-5.56563,96.1242,158.9,77.2,5.29,0.002287,3,22,0.36,0.622,23,uds306,allspw
322082,322082,34.31269,-5.55077,96.3585,298.5,291.2,5.27,0.001555,3,25,0.351,0.611,26,uds306,allspw
322085,322085,34.32507,-5.55182,96.4679,121.0,276.0,5.22,0.004467,17,28,0.327,0.91,29,uds306,allspw
322107,322107,34.31235,-5.54956,93.4678,303.3,308.5,5.03,0.004211,17,50,0.244,0.807,51,uds306,allspw
322127,322127,34.3309,-5.5554,95.4366,37.5,224.5,4.92,0.003706,17,69,0.202,0.723,71,uds306,allspw
322147,322147,34.31558,-5.56011,105.3901,257.1,156.6,4.84,0.004334,17,91,0.174,0.652,91,uds306,allspw
